Dipyridamole	Vandetanib	(ABCCs)
Probenecid	Vandetanib	(ABCCs)
Rifampicin	Vandetanib	(ABCCs)
Rifampicin	Vandetanib	(ABCCs)
Rifampicin	Vandetanib	(ABCCs)
Ivacaftor	Vandetanib	(ABCCs)
Ivacaftor	Vandetanib	(ABCCs)
Lumacaftor	Vandetanib	(ABCCs)
Lumacaftor	Vandetanib	(ABCCs)
Lumacaftor	Vandetanib	(ABCCs)
Lumacaftor	Vandetanib	(ABCCs)
Probenecid	Vandetanib	(ABCCs)
Probenecid	Vandetanib	(ABCCs)
Estradiol	Vandetanib	(ABCCs)
Estradiol	Vandetanib	(ABCCs)
Estradiol	Vandetanib	(ABCCs)
Estradiol	Vandetanib	(ABCCs)
Estradiol	Vandetanib	(ABCCs)
Estradiol	Vandetanib	(ABCCs)
Estradiol	Vandetanib	(ABCCs)
Estradiol	Vandetanib	(ABCCs)
Estradiol	Vandetanib	(ABCCs)
Estradiol	Vandetanib	(ABCCs)
Folic Acid	Vandetanib	(ABCCs)
Folic Acid	Vandetanib	(ABCCs)
Folic Acid	Vandetanib	(ABCCs)
Folic Acid	Vandetanib	(ABCCs)
Folic Acid	Vandetanib	(ABCCs)
Folic Acid	Vandetanib	(ABCCs)
Folic Acid	Vandetanib	(ABCCs)
Repaglinide	Vandetanib	(ABCCs)
Repaglinide	Vandetanib	(ABCCs)
Glipizide	Vandetanib	(ABCCs)
Verapamil	Vandetanib	(ABCCs)
Verapamil	Vandetanib	(ABCCs)
Verapamil	Vandetanib	(ABCCs)
Verapamil	Vandetanib	(ABCCs)
Probenecid	Vandetanib	(ABCCs)
L-Valine	Vandetanib	(ABCCs)
Estradiol	Vandetanib	(ABCCs)
Estradiol	Vandetanib	(ABCCs)
Estradiol	Vandetanib	(ABCCs)
Estradiol	Vandetanib	(ABCCs)
Estradiol	Vandetanib	(ABCCs)
Glyburide	Vandetanib	(ABCCs)
Glyburide	Vandetanib	(ABCCs)
Glyburide	Vandetanib	(ABCCs)
Telmisartan	Vandetanib	(ABCCs)
Telmisartan	Vandetanib	(ABCCs)
Telmisartan	Vandetanib	(ABCCs)
Telmisartan	Vandetanib	(ABCCs)
Phenobarbital	Vandetanib	(ABCCs)
Phenobarbital	Vandetanib	(ABCCs)
Phenobarbital	Vandetanib	(ABCCs)
Phenobarbital	Vandetanib	(ABCCs)
Phenobarbital	Vandetanib	(ABCCs)
Ezetimibe	Vandetanib	(ABCCs)
Ezetimibe	Vandetanib	(ABCCs)
Ezetimibe	Vandetanib	(ABCCs)
Ezetimibe	Vandetanib	(ABCCs)
Ezetimibe	Vandetanib	(ABCCs)
Ezetimibe	Vandetanib	(ABCCs)
Estradiol	Vandetanib	(ABCCs)
Estradiol	Vandetanib	(ABCCs)
Estradiol	Vandetanib	(ABCCs)
Estradiol	Vandetanib	(ABCCs)
Estradiol	Vandetanib	(ABCCs)
Glyburide	Vandetanib	(ABCCs)
Glyburide	Vandetanib	(ABCCs)
Glyburide	Vandetanib	(ABCCs)
Probenecid	Vandetanib	(ABCCs)
Folic Acid	Vandetanib	(ABCCs)
Folic Acid	Vandetanib	(ABCCs)
Folic Acid	Vandetanib	(ABCCs)
Folic Acid	Vandetanib	(ABCCs)
Folic Acid	Vandetanib	(ABCCs)
Folic Acid	Vandetanib	(ABCCs)
Folic Acid	Vandetanib	(ABCCs)
Verapamil	Vandetanib	(ABCCs)
Verapamil	Vandetanib	(ABCCs)
Verapamil	Vandetanib	(ABCCs)
Verapamil	Vandetanib	(ABCCs)
Estradiol	Vandetanib	(ABCCs)
Estradiol	Vandetanib	(ABCCs)
Estradiol	Vandetanib	(ABCCs)
Estradiol	Vandetanib	(ABCCs)
Estradiol	Vandetanib	(ABCCs)
Phenobarbital	Vandetanib	(ABCCs)
Phenobarbital	Vandetanib	(ABCCs)
Phenobarbital	Vandetanib	(ABCCs)
Phenobarbital	Vandetanib	(ABCCs)
Phenobarbital	Vandetanib	(ABCCs)
Rifampicin	Vandetanib	(ABCCs)
Rifampicin	Vandetanib	(ABCCs)
Rifampicin	Vandetanib	(ABCCs)
Glyburide	Vandetanib	(ABCCs)
Glyburide	Vandetanib	(ABCCs)
Glyburide	Vandetanib	(ABCCs)
Omeprazole	Vandetanib	(ABCCs)
Omeprazole	Vandetanib	(ABCCs)
Ezetimibe	Vandetanib	(ABCCs)
Ezetimibe	Vandetanib	(ABCCs)
Ezetimibe	Vandetanib	(ABCCs)
Ezetimibe	Vandetanib	(ABCCs)
Ezetimibe	Vandetanib	(ABCCs)
Ezetimibe	Vandetanib	(ABCCs)
Estradiol	Vandetanib	(ABCCs)
Estradiol	Vandetanib	(ABCCs)
Estradiol	Vandetanib	(ABCCs)
Estradiol	Vandetanib	(ABCCs)
Estradiol	Vandetanib	(ABCCs)
Verapamil	Vandetanib	(ABCCs)
Verapamil	Vandetanib	(ABCCs)
Verapamil	Vandetanib	(ABCCs)
Verapamil	Vandetanib	(ABCCs)
Folic Acid	Vandetanib	(ABCCs)
Folic Acid	Vandetanib	(ABCCs)
Folic Acid	Vandetanib	(ABCCs)
Folic Acid	Vandetanib	(ABCCs)
Folic Acid	Vandetanib	(ABCCs)
Folic Acid	Vandetanib	(ABCCs)
Folic Acid	Vandetanib	(ABCCs)
Probenecid	Vandetanib	(ABCCs)
Dipyridamole	Verapamil	(ABCCs)
Dipyridamole	Daunorubicin	(ABCCs)
Probenecid	Verapamil	(ABCCs)
Probenecid	Daunorubicin	(ABCCs)
Rifampicin	Verapamil	(ABCCs)
Rifampicin	Verapamil	(ABCCs)
Rifampicin	Verapamil	(ABCCs)
Rifampicin	Daunorubicin	(ABCCs)
Rifampicin	Daunorubicin	(ABCCs)
Rifampicin	Daunorubicin	(ABCCs)
Ivacaftor	Verapamil	(ABCCs)
Ivacaftor	Verapamil	(ABCCs)
Ivacaftor	Daunorubicin	(ABCCs)
Ivacaftor	Daunorubicin	(ABCCs)
Lumacaftor	Verapamil	(ABCCs)
Lumacaftor	Verapamil	(ABCCs)
Lumacaftor	Verapamil	(ABCCs)
Lumacaftor	Verapamil	(ABCCs)
Lumacaftor	Daunorubicin	(ABCCs)
Lumacaftor	Daunorubicin	(ABCCs)
Lumacaftor	Daunorubicin	(ABCCs)
Lumacaftor	Daunorubicin	(ABCCs)
Probenecid	Verapamil	(ABCCs)
Probenecid	Daunorubicin	(ABCCs)
Probenecid	Verapamil	(ABCCs)
Probenecid	Daunorubicin	(ABCCs)
Estradiol	Verapamil	(ABCCs)
Estradiol	Verapamil	(ABCCs)
Estradiol	Verapamil	(ABCCs)
Estradiol	Verapamil	(ABCCs)
Estradiol	Daunorubicin	(ABCCs)
Estradiol	Daunorubicin	(ABCCs)
Estradiol	Daunorubicin	(ABCCs)
Estradiol	Daunorubicin	(ABCCs)
Estradiol	Verapamil	(ABCCs)
Estradiol	Verapamil	(ABCCs)
Estradiol	Verapamil	(ABCCs)
Estradiol	Verapamil	(ABCCs)
Estradiol	Daunorubicin	(ABCCs)
Estradiol	Daunorubicin	(ABCCs)
Estradiol	Daunorubicin	(ABCCs)
Estradiol	Daunorubicin	(ABCCs)
Folic Acid	Verapamil	(ABCCs)
Folic Acid	Verapamil	(ABCCs)
Folic Acid	Verapamil	(ABCCs)
Folic Acid	Verapamil	(ABCCs)
Folic Acid	Verapamil	(ABCCs)
Folic Acid	Verapamil	(ABCCs)
Folic Acid	Daunorubicin	(ABCCs)
Folic Acid	Daunorubicin	(ABCCs)
Folic Acid	Daunorubicin	(ABCCs)
Folic Acid	Daunorubicin	(ABCCs)
Folic Acid	Daunorubicin	(ABCCs)
Folic Acid	Daunorubicin	(ABCCs)
Repaglinide	Verapamil	(ABCCs)
Repaglinide	Verapamil	(ABCCs)
Repaglinide	Daunorubicin	(ABCCs)
Repaglinide	Daunorubicin	(ABCCs)
Glipizide	Verapamil	(ABCCs)
Glipizide	Daunorubicin	(ABCCs)
Verapamil	Daunorubicin	(ABCCs)
Verapamil	Daunorubicin	(ABCCs)
Verapamil	Daunorubicin	(ABCCs)
Verapamil	Daunorubicin	(ABCCs)
Probenecid	Verapamil	(ABCCs)
Probenecid	Daunorubicin	(ABCCs)
L-Valine	Verapamil	(ABCCs)
L-Valine	Daunorubicin	(ABCCs)
Estradiol	Verapamil	(ABCCs)
Estradiol	Verapamil	(ABCCs)
Estradiol	Verapamil	(ABCCs)
Estradiol	Verapamil	(ABCCs)
Estradiol	Daunorubicin	(ABCCs)
Estradiol	Daunorubicin	(ABCCs)
Estradiol	Daunorubicin	(ABCCs)
Estradiol	Daunorubicin	(ABCCs)
Glyburide	Verapamil	(ABCCs)
Glyburide	Verapamil	(ABCCs)
Glyburide	Verapamil	(ABCCs)
Glyburide	Daunorubicin	(ABCCs)
Glyburide	Daunorubicin	(ABCCs)
Glyburide	Daunorubicin	(ABCCs)
Telmisartan	Verapamil	(ABCCs)
Telmisartan	Verapamil	(ABCCs)
Telmisartan	Verapamil	(ABCCs)
Telmisartan	Daunorubicin	(ABCCs)
Telmisartan	Daunorubicin	(ABCCs)
Telmisartan	Daunorubicin	(ABCCs)
Phenobarbital	Verapamil	(ABCCs)
Phenobarbital	Verapamil	(ABCCs)
Phenobarbital	Verapamil	(ABCCs)
Phenobarbital	Verapamil	(ABCCs)
Phenobarbital	Daunorubicin	(ABCCs)
Phenobarbital	Daunorubicin	(ABCCs)
Phenobarbital	Daunorubicin	(ABCCs)
Phenobarbital	Daunorubicin	(ABCCs)
Ezetimibe	Verapamil	(ABCCs)
Ezetimibe	Verapamil	(ABCCs)
Ezetimibe	Verapamil	(ABCCs)
Ezetimibe	Verapamil	(ABCCs)
Ezetimibe	Verapamil	(ABCCs)
Ezetimibe	Daunorubicin	(ABCCs)
Ezetimibe	Daunorubicin	(ABCCs)
Ezetimibe	Daunorubicin	(ABCCs)
Ezetimibe	Daunorubicin	(ABCCs)
Ezetimibe	Daunorubicin	(ABCCs)
Estradiol	Verapamil	(ABCCs)
Estradiol	Verapamil	(ABCCs)
Estradiol	Verapamil	(ABCCs)
Estradiol	Verapamil	(ABCCs)
Estradiol	Daunorubicin	(ABCCs)
Estradiol	Daunorubicin	(ABCCs)
Estradiol	Daunorubicin	(ABCCs)
Estradiol	Daunorubicin	(ABCCs)
Glyburide	Verapamil	(ABCCs)
Glyburide	Verapamil	(ABCCs)
Glyburide	Verapamil	(ABCCs)
Glyburide	Daunorubicin	(ABCCs)
Glyburide	Daunorubicin	(ABCCs)
Glyburide	Daunorubicin	(ABCCs)
Probenecid	Verapamil	(ABCCs)
Probenecid	Daunorubicin	(ABCCs)
Folic Acid	Verapamil	(ABCCs)
Folic Acid	Verapamil	(ABCCs)
Folic Acid	Verapamil	(ABCCs)
Folic Acid	Verapamil	(ABCCs)
Folic Acid	Verapamil	(ABCCs)
Folic Acid	Verapamil	(ABCCs)
Folic Acid	Daunorubicin	(ABCCs)
Folic Acid	Daunorubicin	(ABCCs)
Folic Acid	Daunorubicin	(ABCCs)
Folic Acid	Daunorubicin	(ABCCs)
Folic Acid	Daunorubicin	(ABCCs)
Folic Acid	Daunorubicin	(ABCCs)
Verapamil	Daunorubicin	(ABCCs)
Verapamil	Daunorubicin	(ABCCs)
Verapamil	Daunorubicin	(ABCCs)
Verapamil	Daunorubicin	(ABCCs)
Estradiol	Verapamil	(ABCCs)
Estradiol	Verapamil	(ABCCs)
Estradiol	Verapamil	(ABCCs)
Estradiol	Verapamil	(ABCCs)
Estradiol	Daunorubicin	(ABCCs)
Estradiol	Daunorubicin	(ABCCs)
Estradiol	Daunorubicin	(ABCCs)
Estradiol	Daunorubicin	(ABCCs)
Phenobarbital	Verapamil	(ABCCs)
Phenobarbital	Verapamil	(ABCCs)
Phenobarbital	Verapamil	(ABCCs)
Phenobarbital	Verapamil	(ABCCs)
Phenobarbital	Daunorubicin	(ABCCs)
Phenobarbital	Daunorubicin	(ABCCs)
Phenobarbital	Daunorubicin	(ABCCs)
Phenobarbital	Daunorubicin	(ABCCs)
Rifampicin	Verapamil	(ABCCs)
Rifampicin	Verapamil	(ABCCs)
Rifampicin	Verapamil	(ABCCs)
Rifampicin	Daunorubicin	(ABCCs)
Rifampicin	Daunorubicin	(ABCCs)
Rifampicin	Daunorubicin	(ABCCs)
Glyburide	Verapamil	(ABCCs)
Glyburide	Verapamil	(ABCCs)
Glyburide	Verapamil	(ABCCs)
Glyburide	Daunorubicin	(ABCCs)
Glyburide	Daunorubicin	(ABCCs)
Glyburide	Daunorubicin	(ABCCs)
Omeprazole	Verapamil	(ABCCs)
Omeprazole	Verapamil	(ABCCs)
Omeprazole	Daunorubicin	(ABCCs)
Omeprazole	Daunorubicin	(ABCCs)
Ezetimibe	Verapamil	(ABCCs)
Ezetimibe	Verapamil	(ABCCs)
Ezetimibe	Verapamil	(ABCCs)
Ezetimibe	Verapamil	(ABCCs)
Ezetimibe	Verapamil	(ABCCs)
Ezetimibe	Daunorubicin	(ABCCs)
Ezetimibe	Daunorubicin	(ABCCs)
Ezetimibe	Daunorubicin	(ABCCs)
Ezetimibe	Daunorubicin	(ABCCs)
Ezetimibe	Daunorubicin	(ABCCs)
Estradiol	Verapamil	(ABCCs)
Estradiol	Verapamil	(ABCCs)
Estradiol	Verapamil	(ABCCs)
Estradiol	Verapamil	(ABCCs)
Estradiol	Daunorubicin	(ABCCs)
Estradiol	Daunorubicin	(ABCCs)
Estradiol	Daunorubicin	(ABCCs)
Estradiol	Daunorubicin	(ABCCs)
Verapamil	Daunorubicin	(ABCCs)
Verapamil	Daunorubicin	(ABCCs)
Verapamil	Daunorubicin	(ABCCs)
Verapamil	Daunorubicin	(ABCCs)
Folic Acid	Verapamil	(ABCCs)
Folic Acid	Verapamil	(ABCCs)
Folic Acid	Verapamil	(ABCCs)
Folic Acid	Verapamil	(ABCCs)
Folic Acid	Verapamil	(ABCCs)
Folic Acid	Verapamil	(ABCCs)
Folic Acid	Daunorubicin	(ABCCs)
Folic Acid	Daunorubicin	(ABCCs)
Folic Acid	Daunorubicin	(ABCCs)
Folic Acid	Daunorubicin	(ABCCs)
Folic Acid	Daunorubicin	(ABCCs)
Folic Acid	Daunorubicin	(ABCCs)
Probenecid	Verapamil	(ABCCs)
Probenecid	Daunorubicin	(ABCCs)
Dipyridamole	Probenecid	(ABCCs)
Dipyridamole	Rosuvastatin	(ABCCs)
Dipyridamole	Quercetin	(ABCCs)
Dipyridamole	Amprenavir	(ABCCs)
Dipyridamole	Dactinomycin	(ABCCs)
Dipyridamole	Colchicine	(ABCCs)
Probenecid	Rosuvastatin	(ABCCs)
Probenecid	Quercetin	(ABCCs)
Probenecid	Amprenavir	(ABCCs)
Probenecid	Dactinomycin	(ABCCs)
Probenecid	Colchicine	(ABCCs)
Rifampicin	Probenecid	(ABCCs)
Rifampicin	Probenecid	(ABCCs)
Rifampicin	Probenecid	(ABCCs)
Rifampicin	Rosuvastatin	(ABCCs)
Rifampicin	Rosuvastatin	(ABCCs)
Rifampicin	Rosuvastatin	(ABCCs)
Rifampicin	Quercetin	(ABCCs)
Rifampicin	Quercetin	(ABCCs)
Rifampicin	Quercetin	(ABCCs)
Rifampicin	Amprenavir	(ABCCs)
Rifampicin	Amprenavir	(ABCCs)
Rifampicin	Amprenavir	(ABCCs)
Rifampicin	Dactinomycin	(ABCCs)
Rifampicin	Dactinomycin	(ABCCs)
Rifampicin	Dactinomycin	(ABCCs)
Rifampicin	Colchicine	(ABCCs)
Rifampicin	Colchicine	(ABCCs)
Rifampicin	Colchicine	(ABCCs)
Ivacaftor	Probenecid	(ABCCs)
Ivacaftor	Probenecid	(ABCCs)
Ivacaftor	Rosuvastatin	(ABCCs)
Ivacaftor	Rosuvastatin	(ABCCs)
Ivacaftor	Quercetin	(ABCCs)
Ivacaftor	Quercetin	(ABCCs)
Ivacaftor	Amprenavir	(ABCCs)
Ivacaftor	Amprenavir	(ABCCs)
Ivacaftor	Dactinomycin	(ABCCs)
Ivacaftor	Dactinomycin	(ABCCs)
Ivacaftor	Colchicine	(ABCCs)
Ivacaftor	Colchicine	(ABCCs)
Lumacaftor	Probenecid	(ABCCs)
Lumacaftor	Probenecid	(ABCCs)
Lumacaftor	Probenecid	(ABCCs)
Lumacaftor	Probenecid	(ABCCs)
Lumacaftor	Rosuvastatin	(ABCCs)
Lumacaftor	Rosuvastatin	(ABCCs)
Lumacaftor	Rosuvastatin	(ABCCs)
Lumacaftor	Rosuvastatin	(ABCCs)
Lumacaftor	Quercetin	(ABCCs)
Lumacaftor	Quercetin	(ABCCs)
Lumacaftor	Quercetin	(ABCCs)
Lumacaftor	Quercetin	(ABCCs)
Lumacaftor	Amprenavir	(ABCCs)
Lumacaftor	Amprenavir	(ABCCs)
Lumacaftor	Amprenavir	(ABCCs)
Lumacaftor	Amprenavir	(ABCCs)
Lumacaftor	Dactinomycin	(ABCCs)
Lumacaftor	Dactinomycin	(ABCCs)
Lumacaftor	Dactinomycin	(ABCCs)
Lumacaftor	Dactinomycin	(ABCCs)
Lumacaftor	Colchicine	(ABCCs)
Lumacaftor	Colchicine	(ABCCs)
Lumacaftor	Colchicine	(ABCCs)
Lumacaftor	Colchicine	(ABCCs)
Probenecid	Rosuvastatin	(ABCCs)
Probenecid	Quercetin	(ABCCs)
Probenecid	Amprenavir	(ABCCs)
Probenecid	Dactinomycin	(ABCCs)
Probenecid	Colchicine	(ABCCs)
Probenecid	Rosuvastatin	(ABCCs)
Probenecid	Quercetin	(ABCCs)
Probenecid	Amprenavir	(ABCCs)
Probenecid	Dactinomycin	(ABCCs)
Probenecid	Colchicine	(ABCCs)
Estradiol	Probenecid	(ABCCs)
Estradiol	Probenecid	(ABCCs)
Estradiol	Probenecid	(ABCCs)
Estradiol	Probenecid	(ABCCs)
Estradiol	Rosuvastatin	(ABCCs)
Estradiol	Rosuvastatin	(ABCCs)
Estradiol	Rosuvastatin	(ABCCs)
Estradiol	Rosuvastatin	(ABCCs)
Estradiol	Quercetin	(ABCCs)
Estradiol	Quercetin	(ABCCs)
Estradiol	Quercetin	(ABCCs)
Estradiol	Quercetin	(ABCCs)
Estradiol	Quercetin	(ABCCs)
Estradiol	Amprenavir	(ABCCs)
Estradiol	Amprenavir	(ABCCs)
Estradiol	Amprenavir	(ABCCs)
Estradiol	Amprenavir	(ABCCs)
Estradiol	Dactinomycin	(ABCCs)
Estradiol	Dactinomycin	(ABCCs)
Estradiol	Dactinomycin	(ABCCs)
Estradiol	Dactinomycin	(ABCCs)
Estradiol	Colchicine	(ABCCs)
Estradiol	Colchicine	(ABCCs)
Estradiol	Colchicine	(ABCCs)
Estradiol	Colchicine	(ABCCs)
Estradiol	Probenecid	(ABCCs)
Estradiol	Probenecid	(ABCCs)
Estradiol	Probenecid	(ABCCs)
Estradiol	Probenecid	(ABCCs)
Estradiol	Rosuvastatin	(ABCCs)
Estradiol	Rosuvastatin	(ABCCs)
Estradiol	Rosuvastatin	(ABCCs)
Estradiol	Rosuvastatin	(ABCCs)
Estradiol	Quercetin	(ABCCs)
Estradiol	Quercetin	(ABCCs)
Estradiol	Quercetin	(ABCCs)
Estradiol	Quercetin	(ABCCs)
Estradiol	Quercetin	(ABCCs)
Estradiol	Amprenavir	(ABCCs)
Estradiol	Amprenavir	(ABCCs)
Estradiol	Amprenavir	(ABCCs)
Estradiol	Amprenavir	(ABCCs)
Estradiol	Dactinomycin	(ABCCs)
Estradiol	Dactinomycin	(ABCCs)
Estradiol	Dactinomycin	(ABCCs)
Estradiol	Dactinomycin	(ABCCs)
Estradiol	Colchicine	(ABCCs)
Estradiol	Colchicine	(ABCCs)
Estradiol	Colchicine	(ABCCs)
Estradiol	Colchicine	(ABCCs)
Folic Acid	Probenecid	(ABCCs)
Folic Acid	Probenecid	(ABCCs)
Folic Acid	Probenecid	(ABCCs)
Folic Acid	Probenecid	(ABCCs)
Folic Acid	Probenecid	(ABCCs)
Folic Acid	Probenecid	(ABCCs)
Folic Acid	Rosuvastatin	(ABCCs)
Folic Acid	Rosuvastatin	(ABCCs)
Folic Acid	Rosuvastatin	(ABCCs)
Folic Acid	Rosuvastatin	(ABCCs)
Folic Acid	Rosuvastatin	(ABCCs)
Folic Acid	Rosuvastatin	(ABCCs)
Folic Acid	Quercetin	(ABCCs)
Folic Acid	Quercetin	(ABCCs)
Folic Acid	Quercetin	(ABCCs)
Folic Acid	Quercetin	(ABCCs)
Folic Acid	Quercetin	(ABCCs)
Folic Acid	Quercetin	(ABCCs)
Folic Acid	Quercetin	(ABCCs)
Folic Acid	Amprenavir	(ABCCs)
Folic Acid	Amprenavir	(ABCCs)
Folic Acid	Amprenavir	(ABCCs)
Folic Acid	Amprenavir	(ABCCs)
Folic Acid	Amprenavir	(ABCCs)
Folic Acid	Amprenavir	(ABCCs)
Folic Acid	Dactinomycin	(ABCCs)
Folic Acid	Dactinomycin	(ABCCs)
Folic Acid	Dactinomycin	(ABCCs)
Folic Acid	Dactinomycin	(ABCCs)
Folic Acid	Dactinomycin	(ABCCs)
Folic Acid	Dactinomycin	(ABCCs)
Folic Acid	Colchicine	(ABCCs)
Folic Acid	Colchicine	(ABCCs)
Folic Acid	Colchicine	(ABCCs)
Folic Acid	Colchicine	(ABCCs)
Folic Acid	Colchicine	(ABCCs)
Folic Acid	Colchicine	(ABCCs)
Repaglinide	Probenecid	(ABCCs)
Repaglinide	Probenecid	(ABCCs)
Repaglinide	Rosuvastatin	(ABCCs)
Repaglinide	Rosuvastatin	(ABCCs)
Repaglinide	Quercetin	(ABCCs)
Repaglinide	Quercetin	(ABCCs)
Repaglinide	Amprenavir	(ABCCs)
Repaglinide	Amprenavir	(ABCCs)
Repaglinide	Dactinomycin	(ABCCs)
Repaglinide	Dactinomycin	(ABCCs)
Repaglinide	Colchicine	(ABCCs)
Repaglinide	Colchicine	(ABCCs)
Glipizide	Probenecid	(ABCCs)
Glipizide	Rosuvastatin	(ABCCs)
Glipizide	Quercetin	(ABCCs)
Glipizide	Amprenavir	(ABCCs)
Glipizide	Dactinomycin	(ABCCs)
Glipizide	Colchicine	(ABCCs)
Verapamil	Probenecid	(ABCCs)
Verapamil	Probenecid	(ABCCs)
Verapamil	Probenecid	(ABCCs)
Verapamil	Probenecid	(ABCCs)
Verapamil	Rosuvastatin	(ABCCs)
Verapamil	Rosuvastatin	(ABCCs)
Verapamil	Rosuvastatin	(ABCCs)
Verapamil	Rosuvastatin	(ABCCs)
Verapamil	Quercetin	(ABCCs)
Verapamil	Quercetin	(ABCCs)
Verapamil	Quercetin	(ABCCs)
Verapamil	Quercetin	(ABCCs)
Verapamil	Amprenavir	(ABCCs)
Verapamil	Amprenavir	(ABCCs)
Verapamil	Amprenavir	(ABCCs)
Verapamil	Amprenavir	(ABCCs)
Verapamil	Dactinomycin	(ABCCs)
Verapamil	Dactinomycin	(ABCCs)
Verapamil	Dactinomycin	(ABCCs)
Verapamil	Dactinomycin	(ABCCs)
Verapamil	Colchicine	(ABCCs)
Verapamil	Colchicine	(ABCCs)
Verapamil	Colchicine	(ABCCs)
Verapamil	Colchicine	(ABCCs)
Probenecid	Rosuvastatin	(ABCCs)
Probenecid	Quercetin	(ABCCs)
Probenecid	Amprenavir	(ABCCs)
Probenecid	Dactinomycin	(ABCCs)
Probenecid	Colchicine	(ABCCs)
L-Valine	Probenecid	(ABCCs)
L-Valine	Rosuvastatin	(ABCCs)
L-Valine	Quercetin	(ABCCs)
L-Valine	Amprenavir	(ABCCs)
L-Valine	Dactinomycin	(ABCCs)
L-Valine	Colchicine	(ABCCs)
Estradiol	Probenecid	(ABCCs)
Estradiol	Probenecid	(ABCCs)
Estradiol	Probenecid	(ABCCs)
Estradiol	Probenecid	(ABCCs)
Estradiol	Rosuvastatin	(ABCCs)
Estradiol	Rosuvastatin	(ABCCs)
Estradiol	Rosuvastatin	(ABCCs)
Estradiol	Rosuvastatin	(ABCCs)
Estradiol	Quercetin	(ABCCs)
Estradiol	Quercetin	(ABCCs)
Estradiol	Quercetin	(ABCCs)
Estradiol	Quercetin	(ABCCs)
Estradiol	Quercetin	(ABCCs)
Estradiol	Amprenavir	(ABCCs)
Estradiol	Amprenavir	(ABCCs)
Estradiol	Amprenavir	(ABCCs)
Estradiol	Amprenavir	(ABCCs)
Estradiol	Dactinomycin	(ABCCs)
Estradiol	Dactinomycin	(ABCCs)
Estradiol	Dactinomycin	(ABCCs)
Estradiol	Dactinomycin	(ABCCs)
Estradiol	Colchicine	(ABCCs)
Estradiol	Colchicine	(ABCCs)
Estradiol	Colchicine	(ABCCs)
Estradiol	Colchicine	(ABCCs)
Glyburide	Probenecid	(ABCCs)
Glyburide	Probenecid	(ABCCs)
Glyburide	Probenecid	(ABCCs)
Glyburide	Rosuvastatin	(ABCCs)
Glyburide	Rosuvastatin	(ABCCs)
Glyburide	Rosuvastatin	(ABCCs)
Glyburide	Quercetin	(ABCCs)
Glyburide	Quercetin	(ABCCs)
Glyburide	Quercetin	(ABCCs)
Glyburide	Amprenavir	(ABCCs)
Glyburide	Amprenavir	(ABCCs)
Glyburide	Amprenavir	(ABCCs)
Glyburide	Dactinomycin	(ABCCs)
Glyburide	Dactinomycin	(ABCCs)
Glyburide	Dactinomycin	(ABCCs)
Glyburide	Colchicine	(ABCCs)
Glyburide	Colchicine	(ABCCs)
Glyburide	Colchicine	(ABCCs)
Telmisartan	Probenecid	(ABCCs)
Telmisartan	Probenecid	(ABCCs)
Telmisartan	Probenecid	(ABCCs)
Telmisartan	Rosuvastatin	(ABCCs)
Telmisartan	Rosuvastatin	(ABCCs)
Telmisartan	Rosuvastatin	(ABCCs)
Telmisartan	Quercetin	(ABCCs)
Telmisartan	Quercetin	(ABCCs)
Telmisartan	Quercetin	(ABCCs)
Telmisartan	Quercetin	(ABCCs)
Telmisartan	Amprenavir	(ABCCs)
Telmisartan	Amprenavir	(ABCCs)
Telmisartan	Amprenavir	(ABCCs)
Telmisartan	Dactinomycin	(ABCCs)
Telmisartan	Dactinomycin	(ABCCs)
Telmisartan	Dactinomycin	(ABCCs)
Telmisartan	Colchicine	(ABCCs)
Telmisartan	Colchicine	(ABCCs)
Telmisartan	Colchicine	(ABCCs)
Phenobarbital	Probenecid	(ABCCs)
Phenobarbital	Probenecid	(ABCCs)
Phenobarbital	Probenecid	(ABCCs)
Phenobarbital	Probenecid	(ABCCs)
Phenobarbital	Rosuvastatin	(ABCCs)
Phenobarbital	Rosuvastatin	(ABCCs)
Phenobarbital	Rosuvastatin	(ABCCs)
Phenobarbital	Rosuvastatin	(ABCCs)
Phenobarbital	Quercetin	(ABCCs)
Phenobarbital	Quercetin	(ABCCs)
Phenobarbital	Quercetin	(ABCCs)
Phenobarbital	Quercetin	(ABCCs)
Phenobarbital	Quercetin	(ABCCs)
Phenobarbital	Amprenavir	(ABCCs)
Phenobarbital	Amprenavir	(ABCCs)
Phenobarbital	Amprenavir	(ABCCs)
Phenobarbital	Amprenavir	(ABCCs)
Phenobarbital	Dactinomycin	(ABCCs)
Phenobarbital	Dactinomycin	(ABCCs)
Phenobarbital	Dactinomycin	(ABCCs)
Phenobarbital	Dactinomycin	(ABCCs)
Phenobarbital	Colchicine	(ABCCs)
Phenobarbital	Colchicine	(ABCCs)
Phenobarbital	Colchicine	(ABCCs)
Phenobarbital	Colchicine	(ABCCs)
Ezetimibe	Probenecid	(ABCCs)
Ezetimibe	Probenecid	(ABCCs)
Ezetimibe	Probenecid	(ABCCs)
Ezetimibe	Probenecid	(ABCCs)
Ezetimibe	Probenecid	(ABCCs)
Ezetimibe	Rosuvastatin	(ABCCs)
Ezetimibe	Rosuvastatin	(ABCCs)
Ezetimibe	Rosuvastatin	(ABCCs)
Ezetimibe	Rosuvastatin	(ABCCs)
Ezetimibe	Rosuvastatin	(ABCCs)
Ezetimibe	Quercetin	(ABCCs)
Ezetimibe	Quercetin	(ABCCs)
Ezetimibe	Quercetin	(ABCCs)
Ezetimibe	Quercetin	(ABCCs)
Ezetimibe	Quercetin	(ABCCs)
Ezetimibe	Quercetin	(ABCCs)
Ezetimibe	Amprenavir	(ABCCs)
Ezetimibe	Amprenavir	(ABCCs)
Ezetimibe	Amprenavir	(ABCCs)
Ezetimibe	Amprenavir	(ABCCs)
Ezetimibe	Amprenavir	(ABCCs)
Ezetimibe	Dactinomycin	(ABCCs)
Ezetimibe	Dactinomycin	(ABCCs)
Ezetimibe	Dactinomycin	(ABCCs)
Ezetimibe	Dactinomycin	(ABCCs)
Ezetimibe	Dactinomycin	(ABCCs)
Ezetimibe	Colchicine	(ABCCs)
Ezetimibe	Colchicine	(ABCCs)
Ezetimibe	Colchicine	(ABCCs)
Ezetimibe	Colchicine	(ABCCs)
Ezetimibe	Colchicine	(ABCCs)
Estradiol	Probenecid	(ABCCs)
Estradiol	Probenecid	(ABCCs)
Estradiol	Probenecid	(ABCCs)
Estradiol	Probenecid	(ABCCs)
Estradiol	Rosuvastatin	(ABCCs)
Estradiol	Rosuvastatin	(ABCCs)
Estradiol	Rosuvastatin	(ABCCs)
Estradiol	Rosuvastatin	(ABCCs)
Estradiol	Quercetin	(ABCCs)
Estradiol	Quercetin	(ABCCs)
Estradiol	Quercetin	(ABCCs)
Estradiol	Quercetin	(ABCCs)
Estradiol	Quercetin	(ABCCs)
Estradiol	Amprenavir	(ABCCs)
Estradiol	Amprenavir	(ABCCs)
Estradiol	Amprenavir	(ABCCs)
Estradiol	Amprenavir	(ABCCs)
Estradiol	Dactinomycin	(ABCCs)
Estradiol	Dactinomycin	(ABCCs)
Estradiol	Dactinomycin	(ABCCs)
Estradiol	Dactinomycin	(ABCCs)
Estradiol	Colchicine	(ABCCs)
Estradiol	Colchicine	(ABCCs)
Estradiol	Colchicine	(ABCCs)
Estradiol	Colchicine	(ABCCs)
Glyburide	Probenecid	(ABCCs)
Glyburide	Probenecid	(ABCCs)
Glyburide	Probenecid	(ABCCs)
Glyburide	Rosuvastatin	(ABCCs)
Glyburide	Rosuvastatin	(ABCCs)
Glyburide	Rosuvastatin	(ABCCs)
Glyburide	Quercetin	(ABCCs)
Glyburide	Quercetin	(ABCCs)
Glyburide	Quercetin	(ABCCs)
Glyburide	Amprenavir	(ABCCs)
Glyburide	Amprenavir	(ABCCs)
Glyburide	Amprenavir	(ABCCs)
Glyburide	Dactinomycin	(ABCCs)
Glyburide	Dactinomycin	(ABCCs)
Glyburide	Dactinomycin	(ABCCs)
Glyburide	Colchicine	(ABCCs)
Glyburide	Colchicine	(ABCCs)
Glyburide	Colchicine	(ABCCs)
Probenecid	Rosuvastatin	(ABCCs)
Probenecid	Quercetin	(ABCCs)
Probenecid	Amprenavir	(ABCCs)
Probenecid	Dactinomycin	(ABCCs)
Probenecid	Colchicine	(ABCCs)
Folic Acid	Probenecid	(ABCCs)
Folic Acid	Probenecid	(ABCCs)
Folic Acid	Probenecid	(ABCCs)
Folic Acid	Probenecid	(ABCCs)
Folic Acid	Probenecid	(ABCCs)
Folic Acid	Probenecid	(ABCCs)
Folic Acid	Rosuvastatin	(ABCCs)
Folic Acid	Rosuvastatin	(ABCCs)
Folic Acid	Rosuvastatin	(ABCCs)
Folic Acid	Rosuvastatin	(ABCCs)
Folic Acid	Rosuvastatin	(ABCCs)
Folic Acid	Rosuvastatin	(ABCCs)
Folic Acid	Quercetin	(ABCCs)
Folic Acid	Quercetin	(ABCCs)
Folic Acid	Quercetin	(ABCCs)
Folic Acid	Quercetin	(ABCCs)
Folic Acid	Quercetin	(ABCCs)
Folic Acid	Quercetin	(ABCCs)
Folic Acid	Quercetin	(ABCCs)
Folic Acid	Amprenavir	(ABCCs)
Folic Acid	Amprenavir	(ABCCs)
Folic Acid	Amprenavir	(ABCCs)
Folic Acid	Amprenavir	(ABCCs)
Folic Acid	Amprenavir	(ABCCs)
Folic Acid	Amprenavir	(ABCCs)
Folic Acid	Dactinomycin	(ABCCs)
Folic Acid	Dactinomycin	(ABCCs)
Folic Acid	Dactinomycin	(ABCCs)
Folic Acid	Dactinomycin	(ABCCs)
Folic Acid	Dactinomycin	(ABCCs)
Folic Acid	Dactinomycin	(ABCCs)
Folic Acid	Colchicine	(ABCCs)
Folic Acid	Colchicine	(ABCCs)
Folic Acid	Colchicine	(ABCCs)
Folic Acid	Colchicine	(ABCCs)
Folic Acid	Colchicine	(ABCCs)
Folic Acid	Colchicine	(ABCCs)
Glyburide	Amprenavir	(ABCCs)
Glyburide	Amprenavir	(ABCCs)
Glyburide	Amprenavir	(ABCCs)
Glyburide	Dactinomycin	(ABCCs)
Glyburide	Dactinomycin	(ABCCs)
Glyburide	Dactinomycin	(ABCCs)
Glyburide	Colchicine	(ABCCs)
Glyburide	Colchicine	(ABCCs)
Glyburide	Colchicine	(ABCCs)
Omeprazole	Probenecid	(ABCCs)
Omeprazole	Probenecid	(ABCCs)
Omeprazole	Rosuvastatin	(ABCCs)
Omeprazole	Rosuvastatin	(ABCCs)
Omeprazole	Quercetin	(ABCCs)
Omeprazole	Quercetin	(ABCCs)
Omeprazole	Amprenavir	(ABCCs)
Omeprazole	Amprenavir	(ABCCs)
Omeprazole	Dactinomycin	(ABCCs)
Omeprazole	Dactinomycin	(ABCCs)
Omeprazole	Colchicine	(ABCCs)
Omeprazole	Colchicine	(ABCCs)
Ezetimibe	Probenecid	(ABCCs)
Ezetimibe	Probenecid	(ABCCs)
Ezetimibe	Probenecid	(ABCCs)
Ezetimibe	Probenecid	(ABCCs)
Ezetimibe	Probenecid	(ABCCs)
Ezetimibe	Rosuvastatin	(ABCCs)
Ezetimibe	Rosuvastatin	(ABCCs)
Ezetimibe	Rosuvastatin	(ABCCs)
Ezetimibe	Rosuvastatin	(ABCCs)
Ezetimibe	Rosuvastatin	(ABCCs)
Ezetimibe	Quercetin	(ABCCs)
Ezetimibe	Quercetin	(ABCCs)
Ezetimibe	Quercetin	(ABCCs)
Ezetimibe	Quercetin	(ABCCs)
Ezetimibe	Quercetin	(ABCCs)
Ezetimibe	Quercetin	(ABCCs)
Ezetimibe	Amprenavir	(ABCCs)
Ezetimibe	Amprenavir	(ABCCs)
Ezetimibe	Amprenavir	(ABCCs)
Ezetimibe	Amprenavir	(ABCCs)
Ezetimibe	Amprenavir	(ABCCs)
Ezetimibe	Dactinomycin	(ABCCs)
Ezetimibe	Dactinomycin	(ABCCs)
Ezetimibe	Dactinomycin	(ABCCs)
Ezetimibe	Dactinomycin	(ABCCs)
Ezetimibe	Dactinomycin	(ABCCs)
Ezetimibe	Colchicine	(ABCCs)
Ezetimibe	Colchicine	(ABCCs)
Ezetimibe	Colchicine	(ABCCs)
Ezetimibe	Colchicine	(ABCCs)
Ezetimibe	Colchicine	(ABCCs)
Estradiol	Probenecid	(ABCCs)
Estradiol	Probenecid	(ABCCs)
Estradiol	Probenecid	(ABCCs)
Estradiol	Probenecid	(ABCCs)
Estradiol	Rosuvastatin	(ABCCs)
Estradiol	Rosuvastatin	(ABCCs)
Estradiol	Rosuvastatin	(ABCCs)
Estradiol	Rosuvastatin	(ABCCs)
Estradiol	Quercetin	(ABCCs)
Estradiol	Quercetin	(ABCCs)
Estradiol	Quercetin	(ABCCs)
Estradiol	Quercetin	(ABCCs)
Estradiol	Quercetin	(ABCCs)
Estradiol	Amprenavir	(ABCCs)
Estradiol	Amprenavir	(ABCCs)
Estradiol	Amprenavir	(ABCCs)
Estradiol	Amprenavir	(ABCCs)
Estradiol	Dactinomycin	(ABCCs)
Estradiol	Dactinomycin	(ABCCs)
Estradiol	Dactinomycin	(ABCCs)
Estradiol	Dactinomycin	(ABCCs)
Estradiol	Colchicine	(ABCCs)
Estradiol	Colchicine	(ABCCs)
Estradiol	Colchicine	(ABCCs)
Estradiol	Colchicine	(ABCCs)
Verapamil	Probenecid	(ABCCs)
Verapamil	Probenecid	(ABCCs)
Verapamil	Probenecid	(ABCCs)
Verapamil	Probenecid	(ABCCs)
Verapamil	Rosuvastatin	(ABCCs)
Verapamil	Rosuvastatin	(ABCCs)
Verapamil	Rosuvastatin	(ABCCs)
Verapamil	Rosuvastatin	(ABCCs)
Verapamil	Quercetin	(ABCCs)
Verapamil	Quercetin	(ABCCs)
Verapamil	Quercetin	(ABCCs)
Verapamil	Quercetin	(ABCCs)
Verapamil	Amprenavir	(ABCCs)
Verapamil	Amprenavir	(ABCCs)
Verapamil	Amprenavir	(ABCCs)
Verapamil	Amprenavir	(ABCCs)
Verapamil	Dactinomycin	(ABCCs)
Verapamil	Dactinomycin	(ABCCs)
Verapamil	Dactinomycin	(ABCCs)
Verapamil	Dactinomycin	(ABCCs)
Verapamil	Colchicine	(ABCCs)
Verapamil	Colchicine	(ABCCs)
Verapamil	Colchicine	(ABCCs)
Verapamil	Colchicine	(ABCCs)
Folic Acid	Probenecid	(ABCCs)
Folic Acid	Probenecid	(ABCCs)
Folic Acid	Probenecid	(ABCCs)
Folic Acid	Probenecid	(ABCCs)
Folic Acid	Probenecid	(ABCCs)
Folic Acid	Probenecid	(ABCCs)
Folic Acid	Rosuvastatin	(ABCCs)
Folic Acid	Rosuvastatin	(ABCCs)
Folic Acid	Rosuvastatin	(ABCCs)
Folic Acid	Rosuvastatin	(ABCCs)
Folic Acid	Rosuvastatin	(ABCCs)
Folic Acid	Rosuvastatin	(ABCCs)
Folic Acid	Quercetin	(ABCCs)
Folic Acid	Quercetin	(ABCCs)
Folic Acid	Quercetin	(ABCCs)
Folic Acid	Quercetin	(ABCCs)
Folic Acid	Quercetin	(ABCCs)
Folic Acid	Quercetin	(ABCCs)
Folic Acid	Quercetin	(ABCCs)
Folic Acid	Amprenavir	(ABCCs)
Folic Acid	Amprenavir	(ABCCs)
Folic Acid	Amprenavir	(ABCCs)
Folic Acid	Amprenavir	(ABCCs)
Folic Acid	Amprenavir	(ABCCs)
Folic Acid	Amprenavir	(ABCCs)
Folic Acid	Dactinomycin	(ABCCs)
Folic Acid	Dactinomycin	(ABCCs)
Folic Acid	Dactinomycin	(ABCCs)
Folic Acid	Dactinomycin	(ABCCs)
Folic Acid	Dactinomycin	(ABCCs)
Folic Acid	Dactinomycin	(ABCCs)
Folic Acid	Colchicine	(ABCCs)
Folic Acid	Colchicine	(ABCCs)
Folic Acid	Colchicine	(ABCCs)
Folic Acid	Colchicine	(ABCCs)
Folic Acid	Colchicine	(ABCCs)
Folic Acid	Colchicine	(ABCCs)
Probenecid	Rosuvastatin	(ABCCs)
Probenecid	Quercetin	(ABCCs)
Probenecid	Amprenavir	(ABCCs)
Probenecid	Dactinomycin	(ABCCs)
Probenecid	Colchicine	(ABCCs)
Dipyridamole	Conjugated Estrogens	(ABCCs)
Dipyridamole	Ofloxacin	(ABCCs)
Probenecid	Conjugated Estrogens	(ABCCs)
Probenecid	Ofloxacin	(ABCCs)
Rifampicin	Conjugated Estrogens	(ABCCs)
Rifampicin	Conjugated Estrogens	(ABCCs)
Rifampicin	Conjugated Estrogens	(ABCCs)
Rifampicin	Ofloxacin	(ABCCs)
Rifampicin	Ofloxacin	(ABCCs)
Rifampicin	Ofloxacin	(ABCCs)
Ivacaftor	Conjugated Estrogens	(ABCCs)
Ivacaftor	Conjugated Estrogens	(ABCCs)
Ivacaftor	Ofloxacin	(ABCCs)
Ivacaftor	Ofloxacin	(ABCCs)
Lumacaftor	Conjugated Estrogens	(ABCCs)
Lumacaftor	Conjugated Estrogens	(ABCCs)
Lumacaftor	Conjugated Estrogens	(ABCCs)
Lumacaftor	Conjugated Estrogens	(ABCCs)
Lumacaftor	Ofloxacin	(ABCCs)
Lumacaftor	Ofloxacin	(ABCCs)
Lumacaftor	Ofloxacin	(ABCCs)
Lumacaftor	Ofloxacin	(ABCCs)
Probenecid	Conjugated Estrogens	(ABCCs)
Probenecid	Ofloxacin	(ABCCs)
Probenecid	Conjugated Estrogens	(ABCCs)
Probenecid	Ofloxacin	(ABCCs)
Estradiol	Ofloxacin	(ABCCs)
Estradiol	Ofloxacin	(ABCCs)
Estradiol	Ofloxacin	(ABCCs)
Estradiol	Ofloxacin	(ABCCs)
Estradiol	Ofloxacin	(ABCCs)
Estradiol	Ofloxacin	(ABCCs)
Estradiol	Ofloxacin	(ABCCs)
Estradiol	Ofloxacin	(ABCCs)
Folic Acid	Conjugated Estrogens	(ABCCs)
Folic Acid	Conjugated Estrogens	(ABCCs)
Folic Acid	Conjugated Estrogens	(ABCCs)
Folic Acid	Conjugated Estrogens	(ABCCs)
Folic Acid	Conjugated Estrogens	(ABCCs)
Folic Acid	Conjugated Estrogens	(ABCCs)
Folic Acid	Conjugated Estrogens	(ABCCs)
Folic Acid	Ofloxacin	(ABCCs)
Folic Acid	Ofloxacin	(ABCCs)
Folic Acid	Ofloxacin	(ABCCs)
Folic Acid	Ofloxacin	(ABCCs)
Folic Acid	Ofloxacin	(ABCCs)
Folic Acid	Ofloxacin	(ABCCs)
Repaglinide	Conjugated Estrogens	(ABCCs)
Repaglinide	Conjugated Estrogens	(ABCCs)
Repaglinide	Ofloxacin	(ABCCs)
Repaglinide	Ofloxacin	(ABCCs)
Glipizide	Conjugated Estrogens	(ABCCs)
Glipizide	Ofloxacin	(ABCCs)
Verapamil	Conjugated Estrogens	(ABCCs)
Verapamil	Conjugated Estrogens	(ABCCs)
Verapamil	Conjugated Estrogens	(ABCCs)
Verapamil	Conjugated Estrogens	(ABCCs)
Verapamil	Ofloxacin	(ABCCs)
Verapamil	Ofloxacin	(ABCCs)
Verapamil	Ofloxacin	(ABCCs)
Verapamil	Ofloxacin	(ABCCs)
Probenecid	Conjugated Estrogens	(ABCCs)
Probenecid	Ofloxacin	(ABCCs)
L-Valine	Conjugated Estrogens	(ABCCs)
L-Valine	Ofloxacin	(ABCCs)
Estradiol	Ofloxacin	(ABCCs)
Estradiol	Ofloxacin	(ABCCs)
Estradiol	Ofloxacin	(ABCCs)
Estradiol	Ofloxacin	(ABCCs)
Glyburide	Conjugated Estrogens	(ABCCs)
Glyburide	Conjugated Estrogens	(ABCCs)
Glyburide	Conjugated Estrogens	(ABCCs)
Glyburide	Ofloxacin	(ABCCs)
Glyburide	Ofloxacin	(ABCCs)
Glyburide	Ofloxacin	(ABCCs)
Telmisartan	Conjugated Estrogens	(ABCCs)
Telmisartan	Conjugated Estrogens	(ABCCs)
Telmisartan	Conjugated Estrogens	(ABCCs)
Telmisartan	Conjugated Estrogens	(ABCCs)
Telmisartan	Ofloxacin	(ABCCs)
Telmisartan	Ofloxacin	(ABCCs)
Telmisartan	Ofloxacin	(ABCCs)
Phenobarbital	Conjugated Estrogens	(ABCCs)
Phenobarbital	Conjugated Estrogens	(ABCCs)
Phenobarbital	Conjugated Estrogens	(ABCCs)
Phenobarbital	Conjugated Estrogens	(ABCCs)
Phenobarbital	Conjugated Estrogens	(ABCCs)
Phenobarbital	Ofloxacin	(ABCCs)
Phenobarbital	Ofloxacin	(ABCCs)
Phenobarbital	Ofloxacin	(ABCCs)
Phenobarbital	Ofloxacin	(ABCCs)
Ezetimibe	Conjugated Estrogens	(ABCCs)
Ezetimibe	Conjugated Estrogens	(ABCCs)
Ezetimibe	Conjugated Estrogens	(ABCCs)
Ezetimibe	Conjugated Estrogens	(ABCCs)
Ezetimibe	Conjugated Estrogens	(ABCCs)
Ezetimibe	Conjugated Estrogens	(ABCCs)
Ezetimibe	Ofloxacin	(ABCCs)
Ezetimibe	Ofloxacin	(ABCCs)
Ezetimibe	Ofloxacin	(ABCCs)
Ezetimibe	Ofloxacin	(ABCCs)
Ezetimibe	Ofloxacin	(ABCCs)
Estradiol	Ofloxacin	(ABCCs)
Estradiol	Ofloxacin	(ABCCs)
Estradiol	Ofloxacin	(ABCCs)
Estradiol	Ofloxacin	(ABCCs)
Glyburide	Conjugated Estrogens	(ABCCs)
Glyburide	Conjugated Estrogens	(ABCCs)
Glyburide	Conjugated Estrogens	(ABCCs)
Glyburide	Ofloxacin	(ABCCs)
Glyburide	Ofloxacin	(ABCCs)
Glyburide	Ofloxacin	(ABCCs)
Probenecid	Conjugated Estrogens	(ABCCs)
Probenecid	Ofloxacin	(ABCCs)
Folic Acid	Conjugated Estrogens	(ABCCs)
Folic Acid	Conjugated Estrogens	(ABCCs)
Folic Acid	Conjugated Estrogens	(ABCCs)
Folic Acid	Conjugated Estrogens	(ABCCs)
Folic Acid	Conjugated Estrogens	(ABCCs)
Folic Acid	Conjugated Estrogens	(ABCCs)
Folic Acid	Conjugated Estrogens	(ABCCs)
Folic Acid	Ofloxacin	(ABCCs)
Folic Acid	Ofloxacin	(ABCCs)
Folic Acid	Ofloxacin	(ABCCs)
Folic Acid	Ofloxacin	(ABCCs)
Folic Acid	Ofloxacin	(ABCCs)
Folic Acid	Ofloxacin	(ABCCs)
Verapamil	Conjugated Estrogens	(ABCCs)
Verapamil	Conjugated Estrogens	(ABCCs)
Verapamil	Conjugated Estrogens	(ABCCs)
Verapamil	Conjugated Estrogens	(ABCCs)
Verapamil	Ofloxacin	(ABCCs)
Verapamil	Ofloxacin	(ABCCs)
Verapamil	Ofloxacin	(ABCCs)
Verapamil	Ofloxacin	(ABCCs)
Estradiol	Ofloxacin	(ABCCs)
Estradiol	Ofloxacin	(ABCCs)
Estradiol	Ofloxacin	(ABCCs)
Estradiol	Ofloxacin	(ABCCs)
Phenobarbital	Conjugated Estrogens	(ABCCs)
Phenobarbital	Conjugated Estrogens	(ABCCs)
Phenobarbital	Conjugated Estrogens	(ABCCs)
Phenobarbital	Conjugated Estrogens	(ABCCs)
Phenobarbital	Conjugated Estrogens	(ABCCs)
Phenobarbital	Ofloxacin	(ABCCs)
Phenobarbital	Ofloxacin	(ABCCs)
Phenobarbital	Ofloxacin	(ABCCs)
Phenobarbital	Ofloxacin	(ABCCs)
Rifampicin	Conjugated Estrogens	(ABCCs)
Rifampicin	Conjugated Estrogens	(ABCCs)
Rifampicin	Conjugated Estrogens	(ABCCs)
Rifampicin	Ofloxacin	(ABCCs)
Rifampicin	Ofloxacin	(ABCCs)
Rifampicin	Ofloxacin	(ABCCs)
Glyburide	Conjugated Estrogens	(ABCCs)
Glyburide	Conjugated Estrogens	(ABCCs)
Glyburide	Conjugated Estrogens	(ABCCs)
Glyburide	Ofloxacin	(ABCCs)
Glyburide	Ofloxacin	(ABCCs)
Glyburide	Ofloxacin	(ABCCs)
Omeprazole	Conjugated Estrogens	(ABCCs)
Omeprazole	Conjugated Estrogens	(ABCCs)
Omeprazole	Ofloxacin	(ABCCs)
Omeprazole	Ofloxacin	(ABCCs)
Ezetimibe	Conjugated Estrogens	(ABCCs)
Ezetimibe	Conjugated Estrogens	(ABCCs)
Ezetimibe	Conjugated Estrogens	(ABCCs)
Ezetimibe	Conjugated Estrogens	(ABCCs)
Ezetimibe	Conjugated Estrogens	(ABCCs)
Ezetimibe	Conjugated Estrogens	(ABCCs)
Ezetimibe	Ofloxacin	(ABCCs)
Ezetimibe	Ofloxacin	(ABCCs)
Ezetimibe	Ofloxacin	(ABCCs)
Ezetimibe	Ofloxacin	(ABCCs)
Ezetimibe	Ofloxacin	(ABCCs)
Estradiol	Ofloxacin	(ABCCs)
Estradiol	Ofloxacin	(ABCCs)
Estradiol	Ofloxacin	(ABCCs)
Estradiol	Ofloxacin	(ABCCs)
Verapamil	Conjugated Estrogens	(ABCCs)
Verapamil	Conjugated Estrogens	(ABCCs)
Verapamil	Conjugated Estrogens	(ABCCs)
Verapamil	Conjugated Estrogens	(ABCCs)
Verapamil	Ofloxacin	(ABCCs)
Verapamil	Ofloxacin	(ABCCs)
Verapamil	Ofloxacin	(ABCCs)
Verapamil	Ofloxacin	(ABCCs)
Folic Acid	Conjugated Estrogens	(ABCCs)
Folic Acid	Conjugated Estrogens	(ABCCs)
Folic Acid	Conjugated Estrogens	(ABCCs)
Folic Acid	Conjugated Estrogens	(ABCCs)
Folic Acid	Conjugated Estrogens	(ABCCs)
Folic Acid	Conjugated Estrogens	(ABCCs)
Folic Acid	Conjugated Estrogens	(ABCCs)
Folic Acid	Ofloxacin	(ABCCs)
Folic Acid	Ofloxacin	(ABCCs)
Folic Acid	Ofloxacin	(ABCCs)
Folic Acid	Ofloxacin	(ABCCs)
Folic Acid	Ofloxacin	(ABCCs)
Folic Acid	Ofloxacin	(ABCCs)
Probenecid	Conjugated Estrogens	(ABCCs)
Probenecid	Ofloxacin	(ABCCs)
Dipyridamole	Estradiol	(ABCCs)
Probenecid	Estradiol	(ABCCs)
Rifampicin	Estradiol	(ABCCs)
Rifampicin	Estradiol	(ABCCs)
Rifampicin	Estradiol	(ABCCs)
Ivacaftor	Estradiol	(ABCCs)
Ivacaftor	Estradiol	(ABCCs)
Lumacaftor	Estradiol	(ABCCs)
Lumacaftor	Estradiol	(ABCCs)
Lumacaftor	Estradiol	(ABCCs)
Lumacaftor	Estradiol	(ABCCs)
Probenecid	Estradiol	(ABCCs)
Probenecid	Estradiol	(ABCCs)
Folic Acid	Estradiol	(ABCCs)
Folic Acid	Estradiol	(ABCCs)
Folic Acid	Estradiol	(ABCCs)
Folic Acid	Estradiol	(ABCCs)
Folic Acid	Estradiol	(ABCCs)
Folic Acid	Estradiol	(ABCCs)
Repaglinide	Estradiol	(ABCCs)
Repaglinide	Estradiol	(ABCCs)
Glipizide	Estradiol	(ABCCs)
Verapamil	Estradiol	(ABCCs)
Verapamil	Estradiol	(ABCCs)
Verapamil	Estradiol	(ABCCs)
Verapamil	Estradiol	(ABCCs)
Probenecid	Estradiol	(ABCCs)
L-Valine	Estradiol	(ABCCs)
Glyburide	Estradiol	(ABCCs)
Glyburide	Estradiol	(ABCCs)
Glyburide	Estradiol	(ABCCs)
Telmisartan	Estradiol	(ABCCs)
Telmisartan	Estradiol	(ABCCs)
Telmisartan	Estradiol	(ABCCs)
Phenobarbital	Estradiol	(ABCCs)
Phenobarbital	Estradiol	(ABCCs)
Phenobarbital	Estradiol	(ABCCs)
Phenobarbital	Estradiol	(ABCCs)
Ezetimibe	Estradiol	(ABCCs)
Ezetimibe	Estradiol	(ABCCs)
Ezetimibe	Estradiol	(ABCCs)
Ezetimibe	Estradiol	(ABCCs)
Ezetimibe	Estradiol	(ABCCs)
Glyburide	Estradiol	(ABCCs)
Glyburide	Estradiol	(ABCCs)
Glyburide	Estradiol	(ABCCs)
Probenecid	Estradiol	(ABCCs)
Folic Acid	Estradiol	(ABCCs)
Folic Acid	Estradiol	(ABCCs)
Folic Acid	Estradiol	(ABCCs)
Folic Acid	Estradiol	(ABCCs)
Folic Acid	Estradiol	(ABCCs)
Folic Acid	Estradiol	(ABCCs)
Verapamil	Estradiol	(ABCCs)
Verapamil	Estradiol	(ABCCs)
Verapamil	Estradiol	(ABCCs)
Verapamil	Estradiol	(ABCCs)
Phenobarbital	Estradiol	(ABCCs)
Phenobarbital	Estradiol	(ABCCs)
Phenobarbital	Estradiol	(ABCCs)
Phenobarbital	Estradiol	(ABCCs)
Rifampicin	Estradiol	(ABCCs)
Rifampicin	Estradiol	(ABCCs)
Rifampicin	Estradiol	(ABCCs)
Glyburide	Estradiol	(ABCCs)
Glyburide	Estradiol	(ABCCs)
Glyburide	Estradiol	(ABCCs)
Omeprazole	Estradiol	(ABCCs)
Omeprazole	Estradiol	(ABCCs)
Ezetimibe	Estradiol	(ABCCs)
Ezetimibe	Estradiol	(ABCCs)
Ezetimibe	Estradiol	(ABCCs)
Ezetimibe	Estradiol	(ABCCs)
Ezetimibe	Estradiol	(ABCCs)
Verapamil	Estradiol	(ABCCs)
Verapamil	Estradiol	(ABCCs)
Verapamil	Estradiol	(ABCCs)
Verapamil	Estradiol	(ABCCs)
Folic Acid	Estradiol	(ABCCs)
Folic Acid	Estradiol	(ABCCs)
Folic Acid	Estradiol	(ABCCs)
Folic Acid	Estradiol	(ABCCs)
Folic Acid	Estradiol	(ABCCs)
Folic Acid	Estradiol	(ABCCs)
Probenecid	Estradiol	(ABCCs)
Dipyridamole	Mifepristone	(ABCCs)
Dipyridamole	Etoposide	(ABCCs)
Dipyridamole	Cholic Acid	(ABCCs)
Dipyridamole	Irinotecan	(ABCCs)
Dipyridamole	Ritonavir	(ABCCs)
Dipyridamole	Idarubicin	(ABCCs)
Dipyridamole	Lamivudine	(ABCCs)
Dipyridamole	Glutathione	(ABCCs)
Probenecid	Mifepristone	(ABCCs)
Probenecid	Etoposide	(ABCCs)
Probenecid	Cholic Acid	(ABCCs)
Probenecid	Irinotecan	(ABCCs)
Probenecid	Ritonavir	(ABCCs)
Probenecid	Idarubicin	(ABCCs)
Probenecid	Lamivudine	(ABCCs)
Probenecid	Glutathione	(ABCCs)
Rifampicin	Mifepristone	(ABCCs)
Rifampicin	Mifepristone	(ABCCs)
Rifampicin	Mifepristone	(ABCCs)
Rifampicin	Etoposide	(ABCCs)
Rifampicin	Etoposide	(ABCCs)
Rifampicin	Etoposide	(ABCCs)
Rifampicin	Cholic Acid	(ABCCs)
Rifampicin	Cholic Acid	(ABCCs)
Rifampicin	Cholic Acid	(ABCCs)
Rifampicin	Irinotecan	(ABCCs)
Rifampicin	Irinotecan	(ABCCs)
Rifampicin	Irinotecan	(ABCCs)
Rifampicin	Ritonavir	(ABCCs)
Rifampicin	Ritonavir	(ABCCs)
Rifampicin	Ritonavir	(ABCCs)
Rifampicin	Idarubicin	(ABCCs)
Rifampicin	Idarubicin	(ABCCs)
Rifampicin	Idarubicin	(ABCCs)
Rifampicin	Lamivudine	(ABCCs)
Rifampicin	Lamivudine	(ABCCs)
Rifampicin	Lamivudine	(ABCCs)
Rifampicin	Glutathione	(ABCCs)
Rifampicin	Glutathione	(ABCCs)
Rifampicin	Glutathione	(ABCCs)
Lumacaftor	Cholic Acid	(ABCCs)
Lumacaftor	Cholic Acid	(ABCCs)
Lumacaftor	Cholic Acid	(ABCCs)
Lumacaftor	Cholic Acid	(ABCCs)
Lumacaftor	Irinotecan	(ABCCs)
Lumacaftor	Irinotecan	(ABCCs)
Lumacaftor	Irinotecan	(ABCCs)
Lumacaftor	Irinotecan	(ABCCs)
Lumacaftor	Ritonavir	(ABCCs)
Lumacaftor	Ritonavir	(ABCCs)
Lumacaftor	Ritonavir	(ABCCs)
Lumacaftor	Ritonavir	(ABCCs)
Lumacaftor	Idarubicin	(ABCCs)
Lumacaftor	Idarubicin	(ABCCs)
Lumacaftor	Idarubicin	(ABCCs)
Lumacaftor	Idarubicin	(ABCCs)
Lumacaftor	Lamivudine	(ABCCs)
Lumacaftor	Lamivudine	(ABCCs)
Lumacaftor	Lamivudine	(ABCCs)
Lumacaftor	Lamivudine	(ABCCs)
Lumacaftor	Glutathione	(ABCCs)
Lumacaftor	Glutathione	(ABCCs)
Lumacaftor	Glutathione	(ABCCs)
Lumacaftor	Glutathione	(ABCCs)
Probenecid	Mifepristone	(ABCCs)
Probenecid	Etoposide	(ABCCs)
Probenecid	Cholic Acid	(ABCCs)
Probenecid	Irinotecan	(ABCCs)
Probenecid	Ritonavir	(ABCCs)
Probenecid	Idarubicin	(ABCCs)
Probenecid	Lamivudine	(ABCCs)
Probenecid	Glutathione	(ABCCs)
Probenecid	Mifepristone	(ABCCs)
Probenecid	Etoposide	(ABCCs)
Probenecid	Cholic Acid	(ABCCs)
Probenecid	Irinotecan	(ABCCs)
Probenecid	Ritonavir	(ABCCs)
Probenecid	Idarubicin	(ABCCs)
Probenecid	Lamivudine	(ABCCs)
Probenecid	Glutathione	(ABCCs)
Estradiol	Mifepristone	(ABCCs)
Estradiol	Mifepristone	(ABCCs)
Estradiol	Mifepristone	(ABCCs)
Estradiol	Mifepristone	(ABCCs)
Estradiol	Etoposide	(ABCCs)
Estradiol	Etoposide	(ABCCs)
Estradiol	Etoposide	(ABCCs)
Estradiol	Etoposide	(ABCCs)
Estradiol	Cholic Acid	(ABCCs)
Estradiol	Cholic Acid	(ABCCs)
Estradiol	Cholic Acid	(ABCCs)
Estradiol	Cholic Acid	(ABCCs)
Estradiol	Cholic Acid	(ABCCs)
Estradiol	Irinotecan	(ABCCs)
Estradiol	Irinotecan	(ABCCs)
Estradiol	Irinotecan	(ABCCs)
Estradiol	Irinotecan	(ABCCs)
Estradiol	Irinotecan	(ABCCs)
Estradiol	Ritonavir	(ABCCs)
Estradiol	Ritonavir	(ABCCs)
Estradiol	Ritonavir	(ABCCs)
Estradiol	Ritonavir	(ABCCs)
Estradiol	Ritonavir	(ABCCs)
Estradiol	Idarubicin	(ABCCs)
Estradiol	Idarubicin	(ABCCs)
Estradiol	Idarubicin	(ABCCs)
Estradiol	Idarubicin	(ABCCs)
Estradiol	Idarubicin	(ABCCs)
Estradiol	Lamivudine	(ABCCs)
Estradiol	Lamivudine	(ABCCs)
Estradiol	Lamivudine	(ABCCs)
Estradiol	Lamivudine	(ABCCs)
Estradiol	Glutathione	(ABCCs)
Estradiol	Glutathione	(ABCCs)
Estradiol	Glutathione	(ABCCs)
Estradiol	Glutathione	(ABCCs)
Estradiol	Mifepristone	(ABCCs)
Estradiol	Mifepristone	(ABCCs)
Estradiol	Mifepristone	(ABCCs)
Estradiol	Mifepristone	(ABCCs)
Estradiol	Etoposide	(ABCCs)
Estradiol	Etoposide	(ABCCs)
Estradiol	Etoposide	(ABCCs)
Estradiol	Etoposide	(ABCCs)
Estradiol	Cholic Acid	(ABCCs)
Estradiol	Cholic Acid	(ABCCs)
Estradiol	Cholic Acid	(ABCCs)
Estradiol	Cholic Acid	(ABCCs)
Estradiol	Cholic Acid	(ABCCs)
Estradiol	Irinotecan	(ABCCs)
Estradiol	Irinotecan	(ABCCs)
Estradiol	Irinotecan	(ABCCs)
Estradiol	Irinotecan	(ABCCs)
Estradiol	Irinotecan	(ABCCs)
Estradiol	Ritonavir	(ABCCs)
Estradiol	Ritonavir	(ABCCs)
Estradiol	Ritonavir	(ABCCs)
Estradiol	Ritonavir	(ABCCs)
Estradiol	Ritonavir	(ABCCs)
Estradiol	Idarubicin	(ABCCs)
Estradiol	Idarubicin	(ABCCs)
Estradiol	Idarubicin	(ABCCs)
Estradiol	Idarubicin	(ABCCs)
Estradiol	Idarubicin	(ABCCs)
Estradiol	Lamivudine	(ABCCs)
Estradiol	Lamivudine	(ABCCs)
Estradiol	Lamivudine	(ABCCs)
Estradiol	Lamivudine	(ABCCs)
Estradiol	Glutathione	(ABCCs)
Estradiol	Glutathione	(ABCCs)
Estradiol	Glutathione	(ABCCs)
Estradiol	Glutathione	(ABCCs)
Folic Acid	Mifepristone	(ABCCs)
Folic Acid	Mifepristone	(ABCCs)
Folic Acid	Mifepristone	(ABCCs)
Folic Acid	Mifepristone	(ABCCs)
Folic Acid	Mifepristone	(ABCCs)
Folic Acid	Mifepristone	(ABCCs)
Folic Acid	Etoposide	(ABCCs)
Folic Acid	Etoposide	(ABCCs)
Folic Acid	Etoposide	(ABCCs)
Folic Acid	Etoposide	(ABCCs)
Folic Acid	Etoposide	(ABCCs)
Folic Acid	Etoposide	(ABCCs)
Folic Acid	Cholic Acid	(ABCCs)
Folic Acid	Cholic Acid	(ABCCs)
Folic Acid	Cholic Acid	(ABCCs)
Folic Acid	Cholic Acid	(ABCCs)
Folic Acid	Cholic Acid	(ABCCs)
Folic Acid	Cholic Acid	(ABCCs)
Folic Acid	Cholic Acid	(ABCCs)
Folic Acid	Irinotecan	(ABCCs)
Folic Acid	Irinotecan	(ABCCs)
Folic Acid	Irinotecan	(ABCCs)
Folic Acid	Irinotecan	(ABCCs)
Folic Acid	Irinotecan	(ABCCs)
Folic Acid	Irinotecan	(ABCCs)
Folic Acid	Irinotecan	(ABCCs)
Folic Acid	Ritonavir	(ABCCs)
Folic Acid	Ritonavir	(ABCCs)
Folic Acid	Ritonavir	(ABCCs)
Folic Acid	Ritonavir	(ABCCs)
Folic Acid	Ritonavir	(ABCCs)
Folic Acid	Ritonavir	(ABCCs)
Folic Acid	Ritonavir	(ABCCs)
Folic Acid	Idarubicin	(ABCCs)
Folic Acid	Idarubicin	(ABCCs)
Folic Acid	Idarubicin	(ABCCs)
Folic Acid	Idarubicin	(ABCCs)
Folic Acid	Idarubicin	(ABCCs)
Folic Acid	Idarubicin	(ABCCs)
Folic Acid	Idarubicin	(ABCCs)
Folic Acid	Lamivudine	(ABCCs)
Folic Acid	Lamivudine	(ABCCs)
Folic Acid	Lamivudine	(ABCCs)
Folic Acid	Lamivudine	(ABCCs)
Folic Acid	Lamivudine	(ABCCs)
Folic Acid	Lamivudine	(ABCCs)
Folic Acid	Glutathione	(ABCCs)
Folic Acid	Glutathione	(ABCCs)
Folic Acid	Glutathione	(ABCCs)
Folic Acid	Glutathione	(ABCCs)
Folic Acid	Glutathione	(ABCCs)
Folic Acid	Glutathione	(ABCCs)
Repaglinide	Mifepristone	(ABCCs)
Repaglinide	Mifepristone	(ABCCs)
Repaglinide	Etoposide	(ABCCs)
Repaglinide	Etoposide	(ABCCs)
Repaglinide	Cholic Acid	(ABCCs)
Repaglinide	Cholic Acid	(ABCCs)
Repaglinide	Irinotecan	(ABCCs)
Repaglinide	Irinotecan	(ABCCs)
Repaglinide	Ritonavir	(ABCCs)
Repaglinide	Ritonavir	(ABCCs)
Repaglinide	Idarubicin	(ABCCs)
Repaglinide	Idarubicin	(ABCCs)
Repaglinide	Lamivudine	(ABCCs)
Repaglinide	Lamivudine	(ABCCs)
Repaglinide	Glutathione	(ABCCs)
Repaglinide	Glutathione	(ABCCs)
Glipizide	Mifepristone	(ABCCs)
Glipizide	Etoposide	(ABCCs)
Glipizide	Cholic Acid	(ABCCs)
Glipizide	Irinotecan	(ABCCs)
Glipizide	Ritonavir	(ABCCs)
Glipizide	Idarubicin	(ABCCs)
Glipizide	Lamivudine	(ABCCs)
Glipizide	Glutathione	(ABCCs)
Verapamil	Mifepristone	(ABCCs)
Verapamil	Mifepristone	(ABCCs)
Verapamil	Mifepristone	(ABCCs)
Verapamil	Mifepristone	(ABCCs)
Verapamil	Etoposide	(ABCCs)
Verapamil	Etoposide	(ABCCs)
Verapamil	Etoposide	(ABCCs)
Verapamil	Etoposide	(ABCCs)
Verapamil	Cholic Acid	(ABCCs)
Verapamil	Cholic Acid	(ABCCs)
Verapamil	Cholic Acid	(ABCCs)
Verapamil	Cholic Acid	(ABCCs)
Verapamil	Irinotecan	(ABCCs)
Verapamil	Irinotecan	(ABCCs)
Verapamil	Irinotecan	(ABCCs)
Verapamil	Irinotecan	(ABCCs)
Verapamil	Ritonavir	(ABCCs)
Verapamil	Ritonavir	(ABCCs)
Verapamil	Ritonavir	(ABCCs)
Verapamil	Ritonavir	(ABCCs)
Verapamil	Idarubicin	(ABCCs)
Verapamil	Idarubicin	(ABCCs)
Verapamil	Idarubicin	(ABCCs)
Verapamil	Idarubicin	(ABCCs)
Verapamil	Lamivudine	(ABCCs)
Verapamil	Lamivudine	(ABCCs)
Verapamil	Lamivudine	(ABCCs)
Verapamil	Lamivudine	(ABCCs)
Verapamil	Glutathione	(ABCCs)
Verapamil	Glutathione	(ABCCs)
Verapamil	Glutathione	(ABCCs)
Verapamil	Glutathione	(ABCCs)
Probenecid	Mifepristone	(ABCCs)
Probenecid	Etoposide	(ABCCs)
Probenecid	Cholic Acid	(ABCCs)
Probenecid	Irinotecan	(ABCCs)
Probenecid	Ritonavir	(ABCCs)
Probenecid	Idarubicin	(ABCCs)
Probenecid	Lamivudine	(ABCCs)
Probenecid	Glutathione	(ABCCs)
L-Valine	Mifepristone	(ABCCs)
L-Valine	Etoposide	(ABCCs)
L-Valine	Cholic Acid	(ABCCs)
L-Valine	Irinotecan	(ABCCs)
L-Valine	Ritonavir	(ABCCs)
L-Valine	Idarubicin	(ABCCs)
L-Valine	Lamivudine	(ABCCs)
L-Valine	Glutathione	(ABCCs)
Estradiol	Mifepristone	(ABCCs)
Estradiol	Mifepristone	(ABCCs)
Estradiol	Mifepristone	(ABCCs)
Estradiol	Mifepristone	(ABCCs)
Estradiol	Etoposide	(ABCCs)
Estradiol	Etoposide	(ABCCs)
Estradiol	Etoposide	(ABCCs)
Estradiol	Etoposide	(ABCCs)
Estradiol	Cholic Acid	(ABCCs)
Estradiol	Cholic Acid	(ABCCs)
Estradiol	Cholic Acid	(ABCCs)
Estradiol	Cholic Acid	(ABCCs)
Estradiol	Cholic Acid	(ABCCs)
Estradiol	Irinotecan	(ABCCs)
Estradiol	Irinotecan	(ABCCs)
Estradiol	Irinotecan	(ABCCs)
Estradiol	Irinotecan	(ABCCs)
Estradiol	Irinotecan	(ABCCs)
Estradiol	Ritonavir	(ABCCs)
Estradiol	Ritonavir	(ABCCs)
Estradiol	Ritonavir	(ABCCs)
Estradiol	Ritonavir	(ABCCs)
Estradiol	Ritonavir	(ABCCs)
Estradiol	Idarubicin	(ABCCs)
Estradiol	Idarubicin	(ABCCs)
Estradiol	Idarubicin	(ABCCs)
Estradiol	Idarubicin	(ABCCs)
Estradiol	Idarubicin	(ABCCs)
Estradiol	Lamivudine	(ABCCs)
Estradiol	Lamivudine	(ABCCs)
Estradiol	Lamivudine	(ABCCs)
Estradiol	Lamivudine	(ABCCs)
Estradiol	Glutathione	(ABCCs)
Estradiol	Glutathione	(ABCCs)
Estradiol	Glutathione	(ABCCs)
Estradiol	Glutathione	(ABCCs)
Glyburide	Mifepristone	(ABCCs)
Glyburide	Mifepristone	(ABCCs)
Glyburide	Mifepristone	(ABCCs)
Glyburide	Etoposide	(ABCCs)
Glyburide	Etoposide	(ABCCs)
Glyburide	Etoposide	(ABCCs)
Glyburide	Cholic Acid	(ABCCs)
Glyburide	Cholic Acid	(ABCCs)
Glyburide	Cholic Acid	(ABCCs)
Glyburide	Irinotecan	(ABCCs)
Glyburide	Irinotecan	(ABCCs)
Glyburide	Irinotecan	(ABCCs)
Glyburide	Ritonavir	(ABCCs)
Glyburide	Ritonavir	(ABCCs)
Glyburide	Ritonavir	(ABCCs)
Glyburide	Idarubicin	(ABCCs)
Glyburide	Idarubicin	(ABCCs)
Glyburide	Idarubicin	(ABCCs)
Glyburide	Lamivudine	(ABCCs)
Glyburide	Lamivudine	(ABCCs)
Glyburide	Lamivudine	(ABCCs)
Glyburide	Glutathione	(ABCCs)
Glyburide	Glutathione	(ABCCs)
Glyburide	Glutathione	(ABCCs)
Telmisartan	Mifepristone	(ABCCs)
Telmisartan	Mifepristone	(ABCCs)
Telmisartan	Mifepristone	(ABCCs)
Telmisartan	Etoposide	(ABCCs)
Telmisartan	Etoposide	(ABCCs)
Telmisartan	Etoposide	(ABCCs)
Telmisartan	Cholic Acid	(ABCCs)
Telmisartan	Cholic Acid	(ABCCs)
Telmisartan	Cholic Acid	(ABCCs)
Telmisartan	Cholic Acid	(ABCCs)
Telmisartan	Irinotecan	(ABCCs)
Telmisartan	Irinotecan	(ABCCs)
Telmisartan	Irinotecan	(ABCCs)
Telmisartan	Irinotecan	(ABCCs)
Telmisartan	Ritonavir	(ABCCs)
Telmisartan	Ritonavir	(ABCCs)
Telmisartan	Ritonavir	(ABCCs)
Telmisartan	Ritonavir	(ABCCs)
Telmisartan	Idarubicin	(ABCCs)
Telmisartan	Idarubicin	(ABCCs)
Telmisartan	Idarubicin	(ABCCs)
Telmisartan	Idarubicin	(ABCCs)
Telmisartan	Lamivudine	(ABCCs)
Telmisartan	Lamivudine	(ABCCs)
Telmisartan	Lamivudine	(ABCCs)
Telmisartan	Glutathione	(ABCCs)
Telmisartan	Glutathione	(ABCCs)
Telmisartan	Glutathione	(ABCCs)
Phenobarbital	Mifepristone	(ABCCs)
Phenobarbital	Mifepristone	(ABCCs)
Phenobarbital	Mifepristone	(ABCCs)
Phenobarbital	Mifepristone	(ABCCs)
Phenobarbital	Etoposide	(ABCCs)
Phenobarbital	Etoposide	(ABCCs)
Phenobarbital	Etoposide	(ABCCs)
Phenobarbital	Etoposide	(ABCCs)
Phenobarbital	Cholic Acid	(ABCCs)
Phenobarbital	Cholic Acid	(ABCCs)
Phenobarbital	Cholic Acid	(ABCCs)
Phenobarbital	Cholic Acid	(ABCCs)
Phenobarbital	Cholic Acid	(ABCCs)
Phenobarbital	Irinotecan	(ABCCs)
Phenobarbital	Irinotecan	(ABCCs)
Phenobarbital	Irinotecan	(ABCCs)
Phenobarbital	Irinotecan	(ABCCs)
Phenobarbital	Irinotecan	(ABCCs)
Phenobarbital	Ritonavir	(ABCCs)
Phenobarbital	Ritonavir	(ABCCs)
Phenobarbital	Ritonavir	(ABCCs)
Phenobarbital	Ritonavir	(ABCCs)
Phenobarbital	Ritonavir	(ABCCs)
Phenobarbital	Idarubicin	(ABCCs)
Phenobarbital	Idarubicin	(ABCCs)
Phenobarbital	Idarubicin	(ABCCs)
Phenobarbital	Idarubicin	(ABCCs)
Phenobarbital	Idarubicin	(ABCCs)
Phenobarbital	Lamivudine	(ABCCs)
Phenobarbital	Lamivudine	(ABCCs)
Phenobarbital	Lamivudine	(ABCCs)
Phenobarbital	Lamivudine	(ABCCs)
Phenobarbital	Glutathione	(ABCCs)
Phenobarbital	Glutathione	(ABCCs)
Phenobarbital	Glutathione	(ABCCs)
Phenobarbital	Glutathione	(ABCCs)
Ezetimibe	Mifepristone	(ABCCs)
Ezetimibe	Mifepristone	(ABCCs)
Ezetimibe	Mifepristone	(ABCCs)
Ezetimibe	Mifepristone	(ABCCs)
Ezetimibe	Mifepristone	(ABCCs)
Ezetimibe	Etoposide	(ABCCs)
Ezetimibe	Etoposide	(ABCCs)
Ezetimibe	Etoposide	(ABCCs)
Ezetimibe	Etoposide	(ABCCs)
Ezetimibe	Etoposide	(ABCCs)
Ezetimibe	Cholic Acid	(ABCCs)
Ezetimibe	Cholic Acid	(ABCCs)
Ezetimibe	Cholic Acid	(ABCCs)
Ezetimibe	Cholic Acid	(ABCCs)
Ezetimibe	Cholic Acid	(ABCCs)
Ezetimibe	Cholic Acid	(ABCCs)
Ezetimibe	Irinotecan	(ABCCs)
Ezetimibe	Irinotecan	(ABCCs)
Ezetimibe	Irinotecan	(ABCCs)
Ezetimibe	Irinotecan	(ABCCs)
Ezetimibe	Irinotecan	(ABCCs)
Ezetimibe	Irinotecan	(ABCCs)
Ezetimibe	Ritonavir	(ABCCs)
Ezetimibe	Ritonavir	(ABCCs)
Ezetimibe	Ritonavir	(ABCCs)
Ezetimibe	Ritonavir	(ABCCs)
Ezetimibe	Ritonavir	(ABCCs)
Ezetimibe	Ritonavir	(ABCCs)
Ezetimibe	Idarubicin	(ABCCs)
Ezetimibe	Idarubicin	(ABCCs)
Ezetimibe	Idarubicin	(ABCCs)
Ezetimibe	Idarubicin	(ABCCs)
Ezetimibe	Idarubicin	(ABCCs)
Ezetimibe	Idarubicin	(ABCCs)
Ezetimibe	Lamivudine	(ABCCs)
Ezetimibe	Lamivudine	(ABCCs)
Ezetimibe	Lamivudine	(ABCCs)
Ezetimibe	Lamivudine	(ABCCs)
Ezetimibe	Lamivudine	(ABCCs)
Ezetimibe	Glutathione	(ABCCs)
Ezetimibe	Glutathione	(ABCCs)
Ezetimibe	Glutathione	(ABCCs)
Ezetimibe	Glutathione	(ABCCs)
Ezetimibe	Glutathione	(ABCCs)
Estradiol	Mifepristone	(ABCCs)
Estradiol	Mifepristone	(ABCCs)
Estradiol	Mifepristone	(ABCCs)
Estradiol	Mifepristone	(ABCCs)
Estradiol	Etoposide	(ABCCs)
Estradiol	Etoposide	(ABCCs)
Estradiol	Etoposide	(ABCCs)
Estradiol	Etoposide	(ABCCs)
Estradiol	Cholic Acid	(ABCCs)
Estradiol	Cholic Acid	(ABCCs)
Estradiol	Cholic Acid	(ABCCs)
Estradiol	Cholic Acid	(ABCCs)
Estradiol	Cholic Acid	(ABCCs)
Estradiol	Irinotecan	(ABCCs)
Estradiol	Irinotecan	(ABCCs)
Estradiol	Irinotecan	(ABCCs)
Estradiol	Irinotecan	(ABCCs)
Estradiol	Irinotecan	(ABCCs)
Estradiol	Ritonavir	(ABCCs)
Estradiol	Ritonavir	(ABCCs)
Estradiol	Ritonavir	(ABCCs)
Estradiol	Ritonavir	(ABCCs)
Estradiol	Ritonavir	(ABCCs)
Estradiol	Idarubicin	(ABCCs)
Estradiol	Idarubicin	(ABCCs)
Estradiol	Idarubicin	(ABCCs)
Estradiol	Idarubicin	(ABCCs)
Estradiol	Idarubicin	(ABCCs)
Estradiol	Lamivudine	(ABCCs)
Estradiol	Lamivudine	(ABCCs)
Estradiol	Lamivudine	(ABCCs)
Estradiol	Lamivudine	(ABCCs)
Estradiol	Glutathione	(ABCCs)
Estradiol	Glutathione	(ABCCs)
Estradiol	Glutathione	(ABCCs)
Estradiol	Glutathione	(ABCCs)
Glyburide	Mifepristone	(ABCCs)
Glyburide	Mifepristone	(ABCCs)
Glyburide	Mifepristone	(ABCCs)
Glyburide	Etoposide	(ABCCs)
Glyburide	Etoposide	(ABCCs)
Glyburide	Etoposide	(ABCCs)
Glyburide	Cholic Acid	(ABCCs)
Glyburide	Cholic Acid	(ABCCs)
Glyburide	Cholic Acid	(ABCCs)
Glyburide	Irinotecan	(ABCCs)
Glyburide	Irinotecan	(ABCCs)
Glyburide	Irinotecan	(ABCCs)
Glyburide	Ritonavir	(ABCCs)
Glyburide	Ritonavir	(ABCCs)
Glyburide	Ritonavir	(ABCCs)
Glyburide	Idarubicin	(ABCCs)
Glyburide	Idarubicin	(ABCCs)
Glyburide	Idarubicin	(ABCCs)
Glyburide	Lamivudine	(ABCCs)
Glyburide	Lamivudine	(ABCCs)
Glyburide	Lamivudine	(ABCCs)
Glyburide	Glutathione	(ABCCs)
Glyburide	Glutathione	(ABCCs)
Glyburide	Glutathione	(ABCCs)
Probenecid	Mifepristone	(ABCCs)
Probenecid	Etoposide	(ABCCs)
Probenecid	Cholic Acid	(ABCCs)
Probenecid	Irinotecan	(ABCCs)
Probenecid	Ritonavir	(ABCCs)
Probenecid	Idarubicin	(ABCCs)
Probenecid	Lamivudine	(ABCCs)
Probenecid	Glutathione	(ABCCs)
Folic Acid	Mifepristone	(ABCCs)
Folic Acid	Mifepristone	(ABCCs)
Folic Acid	Mifepristone	(ABCCs)
Folic Acid	Mifepristone	(ABCCs)
Folic Acid	Mifepristone	(ABCCs)
Folic Acid	Mifepristone	(ABCCs)
Folic Acid	Etoposide	(ABCCs)
Folic Acid	Etoposide	(ABCCs)
Folic Acid	Etoposide	(ABCCs)
Folic Acid	Etoposide	(ABCCs)
Folic Acid	Etoposide	(ABCCs)
Folic Acid	Etoposide	(ABCCs)
Folic Acid	Cholic Acid	(ABCCs)
Folic Acid	Cholic Acid	(ABCCs)
Folic Acid	Cholic Acid	(ABCCs)
Folic Acid	Cholic Acid	(ABCCs)
Folic Acid	Cholic Acid	(ABCCs)
Folic Acid	Cholic Acid	(ABCCs)
Folic Acid	Cholic Acid	(ABCCs)
Folic Acid	Irinotecan	(ABCCs)
Folic Acid	Irinotecan	(ABCCs)
Folic Acid	Irinotecan	(ABCCs)
Folic Acid	Irinotecan	(ABCCs)
Folic Acid	Irinotecan	(ABCCs)
Folic Acid	Irinotecan	(ABCCs)
Folic Acid	Irinotecan	(ABCCs)
Folic Acid	Ritonavir	(ABCCs)
Folic Acid	Ritonavir	(ABCCs)
Folic Acid	Ritonavir	(ABCCs)
Folic Acid	Ritonavir	(ABCCs)
Folic Acid	Ritonavir	(ABCCs)
Folic Acid	Ritonavir	(ABCCs)
Folic Acid	Ritonavir	(ABCCs)
Folic Acid	Idarubicin	(ABCCs)
Folic Acid	Idarubicin	(ABCCs)
Folic Acid	Idarubicin	(ABCCs)
Folic Acid	Idarubicin	(ABCCs)
Folic Acid	Idarubicin	(ABCCs)
Folic Acid	Idarubicin	(ABCCs)
Folic Acid	Idarubicin	(ABCCs)
Folic Acid	Lamivudine	(ABCCs)
Folic Acid	Lamivudine	(ABCCs)
Folic Acid	Lamivudine	(ABCCs)
Folic Acid	Lamivudine	(ABCCs)
Folic Acid	Lamivudine	(ABCCs)
Folic Acid	Lamivudine	(ABCCs)
Folic Acid	Glutathione	(ABCCs)
Folic Acid	Glutathione	(ABCCs)
Folic Acid	Glutathione	(ABCCs)
Folic Acid	Glutathione	(ABCCs)
Folic Acid	Glutathione	(ABCCs)
Folic Acid	Glutathione	(ABCCs)
Verapamil	Mifepristone	(ABCCs)
Verapamil	Mifepristone	(ABCCs)
Verapamil	Mifepristone	(ABCCs)
Verapamil	Mifepristone	(ABCCs)
Verapamil	Etoposide	(ABCCs)
Verapamil	Etoposide	(ABCCs)
Verapamil	Etoposide	(ABCCs)
Verapamil	Etoposide	(ABCCs)
Verapamil	Cholic Acid	(ABCCs)
Verapamil	Cholic Acid	(ABCCs)
Verapamil	Cholic Acid	(ABCCs)
Verapamil	Cholic Acid	(ABCCs)
Verapamil	Irinotecan	(ABCCs)
Verapamil	Irinotecan	(ABCCs)
Verapamil	Irinotecan	(ABCCs)
Verapamil	Irinotecan	(ABCCs)
Verapamil	Ritonavir	(ABCCs)
Verapamil	Ritonavir	(ABCCs)
Verapamil	Ritonavir	(ABCCs)
Verapamil	Ritonavir	(ABCCs)
Verapamil	Idarubicin	(ABCCs)
Verapamil	Idarubicin	(ABCCs)
Verapamil	Idarubicin	(ABCCs)
Verapamil	Idarubicin	(ABCCs)
Verapamil	Lamivudine	(ABCCs)
Verapamil	Lamivudine	(ABCCs)
Verapamil	Lamivudine	(ABCCs)
Verapamil	Lamivudine	(ABCCs)
Verapamil	Glutathione	(ABCCs)
Verapamil	Glutathione	(ABCCs)
Verapamil	Glutathione	(ABCCs)
Verapamil	Glutathione	(ABCCs)
Estradiol	Mifepristone	(ABCCs)
Estradiol	Mifepristone	(ABCCs)
Estradiol	Mifepristone	(ABCCs)
Estradiol	Mifepristone	(ABCCs)
Estradiol	Etoposide	(ABCCs)
Estradiol	Etoposide	(ABCCs)
Estradiol	Etoposide	(ABCCs)
Estradiol	Etoposide	(ABCCs)
Estradiol	Cholic Acid	(ABCCs)
Estradiol	Cholic Acid	(ABCCs)
Estradiol	Cholic Acid	(ABCCs)
Estradiol	Cholic Acid	(ABCCs)
Estradiol	Cholic Acid	(ABCCs)
Estradiol	Irinotecan	(ABCCs)
Estradiol	Irinotecan	(ABCCs)
Estradiol	Irinotecan	(ABCCs)
Estradiol	Irinotecan	(ABCCs)
Estradiol	Irinotecan	(ABCCs)
Estradiol	Ritonavir	(ABCCs)
Estradiol	Ritonavir	(ABCCs)
Estradiol	Ritonavir	(ABCCs)
Estradiol	Ritonavir	(ABCCs)
Estradiol	Ritonavir	(ABCCs)
Estradiol	Idarubicin	(ABCCs)
Estradiol	Idarubicin	(ABCCs)
Estradiol	Idarubicin	(ABCCs)
Estradiol	Idarubicin	(ABCCs)
Estradiol	Idarubicin	(ABCCs)
Estradiol	Lamivudine	(ABCCs)
Estradiol	Lamivudine	(ABCCs)
Estradiol	Lamivudine	(ABCCs)
Estradiol	Lamivudine	(ABCCs)
Estradiol	Glutathione	(ABCCs)
Estradiol	Glutathione	(ABCCs)
Estradiol	Glutathione	(ABCCs)
Estradiol	Glutathione	(ABCCs)
Phenobarbital	Mifepristone	(ABCCs)
Phenobarbital	Mifepristone	(ABCCs)
Phenobarbital	Mifepristone	(ABCCs)
Phenobarbital	Mifepristone	(ABCCs)
Phenobarbital	Etoposide	(ABCCs)
Phenobarbital	Etoposide	(ABCCs)
Phenobarbital	Etoposide	(ABCCs)
Phenobarbital	Etoposide	(ABCCs)
Phenobarbital	Cholic Acid	(ABCCs)
Phenobarbital	Cholic Acid	(ABCCs)
Phenobarbital	Cholic Acid	(ABCCs)
Phenobarbital	Cholic Acid	(ABCCs)
Phenobarbital	Cholic Acid	(ABCCs)
Phenobarbital	Irinotecan	(ABCCs)
Phenobarbital	Irinotecan	(ABCCs)
Phenobarbital	Irinotecan	(ABCCs)
Phenobarbital	Irinotecan	(ABCCs)
Phenobarbital	Irinotecan	(ABCCs)
Phenobarbital	Ritonavir	(ABCCs)
Phenobarbital	Ritonavir	(ABCCs)
Phenobarbital	Ritonavir	(ABCCs)
Phenobarbital	Ritonavir	(ABCCs)
Phenobarbital	Ritonavir	(ABCCs)
Phenobarbital	Idarubicin	(ABCCs)
Phenobarbital	Idarubicin	(ABCCs)
Phenobarbital	Idarubicin	(ABCCs)
Phenobarbital	Idarubicin	(ABCCs)
Phenobarbital	Idarubicin	(ABCCs)
Phenobarbital	Lamivudine	(ABCCs)
Phenobarbital	Lamivudine	(ABCCs)
Phenobarbital	Lamivudine	(ABCCs)
Phenobarbital	Lamivudine	(ABCCs)
Phenobarbital	Glutathione	(ABCCs)
Phenobarbital	Glutathione	(ABCCs)
Phenobarbital	Glutathione	(ABCCs)
Phenobarbital	Glutathione	(ABCCs)
Rifampicin	Mifepristone	(ABCCs)
Rifampicin	Mifepristone	(ABCCs)
Rifampicin	Mifepristone	(ABCCs)
Rifampicin	Etoposide	(ABCCs)
Rifampicin	Etoposide	(ABCCs)
Rifampicin	Etoposide	(ABCCs)
Rifampicin	Cholic Acid	(ABCCs)
Rifampicin	Cholic Acid	(ABCCs)
Rifampicin	Cholic Acid	(ABCCs)
Rifampicin	Irinotecan	(ABCCs)
Rifampicin	Irinotecan	(ABCCs)
Rifampicin	Irinotecan	(ABCCs)
Rifampicin	Ritonavir	(ABCCs)
Rifampicin	Ritonavir	(ABCCs)
Rifampicin	Ritonavir	(ABCCs)
Rifampicin	Idarubicin	(ABCCs)
Rifampicin	Idarubicin	(ABCCs)
Rifampicin	Idarubicin	(ABCCs)
Rifampicin	Lamivudine	(ABCCs)
Rifampicin	Lamivudine	(ABCCs)
Rifampicin	Lamivudine	(ABCCs)
Rifampicin	Glutathione	(ABCCs)
Rifampicin	Glutathione	(ABCCs)
Rifampicin	Glutathione	(ABCCs)
Glyburide	Mifepristone	(ABCCs)
Glyburide	Mifepristone	(ABCCs)
Glyburide	Mifepristone	(ABCCs)
Glyburide	Etoposide	(ABCCs)
Glyburide	Etoposide	(ABCCs)
Glyburide	Etoposide	(ABCCs)
Glyburide	Cholic Acid	(ABCCs)
Glyburide	Cholic Acid	(ABCCs)
Glyburide	Cholic Acid	(ABCCs)
Glyburide	Irinotecan	(ABCCs)
Glyburide	Irinotecan	(ABCCs)
Glyburide	Irinotecan	(ABCCs)
Glyburide	Ritonavir	(ABCCs)
Glyburide	Ritonavir	(ABCCs)
Glyburide	Ritonavir	(ABCCs)
Glyburide	Idarubicin	(ABCCs)
Glyburide	Idarubicin	(ABCCs)
Glyburide	Idarubicin	(ABCCs)
Glyburide	Lamivudine	(ABCCs)
Glyburide	Lamivudine	(ABCCs)
Glyburide	Lamivudine	(ABCCs)
Glyburide	Glutathione	(ABCCs)
Glyburide	Glutathione	(ABCCs)
Glyburide	Glutathione	(ABCCs)
Omeprazole	Mifepristone	(ABCCs)
Omeprazole	Mifepristone	(ABCCs)
Omeprazole	Etoposide	(ABCCs)
Omeprazole	Etoposide	(ABCCs)
Omeprazole	Cholic Acid	(ABCCs)
Omeprazole	Cholic Acid	(ABCCs)
Omeprazole	Irinotecan	(ABCCs)
Omeprazole	Irinotecan	(ABCCs)
Omeprazole	Ritonavir	(ABCCs)
Omeprazole	Ritonavir	(ABCCs)
Omeprazole	Idarubicin	(ABCCs)
Omeprazole	Idarubicin	(ABCCs)
Omeprazole	Lamivudine	(ABCCs)
Omeprazole	Lamivudine	(ABCCs)
Omeprazole	Glutathione	(ABCCs)
Omeprazole	Glutathione	(ABCCs)
Ezetimibe	Mifepristone	(ABCCs)
Ezetimibe	Mifepristone	(ABCCs)
Ezetimibe	Mifepristone	(ABCCs)
Ezetimibe	Mifepristone	(ABCCs)
Ezetimibe	Mifepristone	(ABCCs)
Ezetimibe	Etoposide	(ABCCs)
Ezetimibe	Etoposide	(ABCCs)
Ezetimibe	Etoposide	(ABCCs)
Ezetimibe	Etoposide	(ABCCs)
Ezetimibe	Etoposide	(ABCCs)
Ezetimibe	Cholic Acid	(ABCCs)
Ezetimibe	Cholic Acid	(ABCCs)
Ezetimibe	Cholic Acid	(ABCCs)
Ezetimibe	Cholic Acid	(ABCCs)
Ezetimibe	Cholic Acid	(ABCCs)
Ezetimibe	Cholic Acid	(ABCCs)
Ezetimibe	Irinotecan	(ABCCs)
Ezetimibe	Irinotecan	(ABCCs)
Ezetimibe	Irinotecan	(ABCCs)
Ezetimibe	Irinotecan	(ABCCs)
Ezetimibe	Irinotecan	(ABCCs)
Ezetimibe	Irinotecan	(ABCCs)
Ezetimibe	Ritonavir	(ABCCs)
Ezetimibe	Ritonavir	(ABCCs)
Ezetimibe	Ritonavir	(ABCCs)
Ezetimibe	Ritonavir	(ABCCs)
Ezetimibe	Ritonavir	(ABCCs)
Ezetimibe	Ritonavir	(ABCCs)
Ezetimibe	Idarubicin	(ABCCs)
Ezetimibe	Idarubicin	(ABCCs)
Ezetimibe	Idarubicin	(ABCCs)
Ezetimibe	Idarubicin	(ABCCs)
Ezetimibe	Idarubicin	(ABCCs)
Ezetimibe	Idarubicin	(ABCCs)
Ezetimibe	Lamivudine	(ABCCs)
Ezetimibe	Lamivudine	(ABCCs)
Ezetimibe	Lamivudine	(ABCCs)
Ezetimibe	Lamivudine	(ABCCs)
Ezetimibe	Lamivudine	(ABCCs)
Ezetimibe	Glutathione	(ABCCs)
Ezetimibe	Glutathione	(ABCCs)
Ezetimibe	Glutathione	(ABCCs)
Ezetimibe	Glutathione	(ABCCs)
Ezetimibe	Glutathione	(ABCCs)
Estradiol	Mifepristone	(ABCCs)
Estradiol	Mifepristone	(ABCCs)
Estradiol	Mifepristone	(ABCCs)
Estradiol	Mifepristone	(ABCCs)
Estradiol	Etoposide	(ABCCs)
Estradiol	Etoposide	(ABCCs)
Estradiol	Etoposide	(ABCCs)
Estradiol	Etoposide	(ABCCs)
Estradiol	Cholic Acid	(ABCCs)
Estradiol	Cholic Acid	(ABCCs)
Estradiol	Cholic Acid	(ABCCs)
Estradiol	Cholic Acid	(ABCCs)
Estradiol	Cholic Acid	(ABCCs)
Estradiol	Irinotecan	(ABCCs)
Estradiol	Irinotecan	(ABCCs)
Estradiol	Irinotecan	(ABCCs)
Estradiol	Irinotecan	(ABCCs)
Estradiol	Irinotecan	(ABCCs)
Estradiol	Ritonavir	(ABCCs)
Estradiol	Ritonavir	(ABCCs)
Estradiol	Ritonavir	(ABCCs)
Estradiol	Ritonavir	(ABCCs)
Estradiol	Ritonavir	(ABCCs)
Estradiol	Idarubicin	(ABCCs)
Estradiol	Idarubicin	(ABCCs)
Estradiol	Idarubicin	(ABCCs)
Estradiol	Idarubicin	(ABCCs)
Estradiol	Idarubicin	(ABCCs)
Estradiol	Lamivudine	(ABCCs)
Estradiol	Lamivudine	(ABCCs)
Estradiol	Lamivudine	(ABCCs)
Estradiol	Lamivudine	(ABCCs)
Estradiol	Glutathione	(ABCCs)
Estradiol	Glutathione	(ABCCs)
Estradiol	Glutathione	(ABCCs)
Estradiol	Glutathione	(ABCCs)
Verapamil	Mifepristone	(ABCCs)
Verapamil	Mifepristone	(ABCCs)
Verapamil	Mifepristone	(ABCCs)
Verapamil	Mifepristone	(ABCCs)
Verapamil	Etoposide	(ABCCs)
Verapamil	Etoposide	(ABCCs)
Verapamil	Etoposide	(ABCCs)
Verapamil	Etoposide	(ABCCs)
Verapamil	Cholic Acid	(ABCCs)
Verapamil	Cholic Acid	(ABCCs)
Verapamil	Cholic Acid	(ABCCs)
Verapamil	Cholic Acid	(ABCCs)
Verapamil	Irinotecan	(ABCCs)
Verapamil	Irinotecan	(ABCCs)
Verapamil	Irinotecan	(ABCCs)
Verapamil	Irinotecan	(ABCCs)
Verapamil	Ritonavir	(ABCCs)
Verapamil	Ritonavir	(ABCCs)
Verapamil	Ritonavir	(ABCCs)
Verapamil	Ritonavir	(ABCCs)
Verapamil	Idarubicin	(ABCCs)
Verapamil	Idarubicin	(ABCCs)
Verapamil	Idarubicin	(ABCCs)
Verapamil	Idarubicin	(ABCCs)
Verapamil	Lamivudine	(ABCCs)
Verapamil	Lamivudine	(ABCCs)
Verapamil	Lamivudine	(ABCCs)
Verapamil	Lamivudine	(ABCCs)
Verapamil	Glutathione	(ABCCs)
Verapamil	Glutathione	(ABCCs)
Verapamil	Glutathione	(ABCCs)
Verapamil	Glutathione	(ABCCs)
Folic Acid	Mifepristone	(ABCCs)
Folic Acid	Mifepristone	(ABCCs)
Folic Acid	Mifepristone	(ABCCs)
Folic Acid	Mifepristone	(ABCCs)
Folic Acid	Mifepristone	(ABCCs)
Folic Acid	Mifepristone	(ABCCs)
Folic Acid	Etoposide	(ABCCs)
Folic Acid	Etoposide	(ABCCs)
Folic Acid	Etoposide	(ABCCs)
Folic Acid	Etoposide	(ABCCs)
Folic Acid	Etoposide	(ABCCs)
Folic Acid	Etoposide	(ABCCs)
Folic Acid	Cholic Acid	(ABCCs)
Folic Acid	Cholic Acid	(ABCCs)
Folic Acid	Cholic Acid	(ABCCs)
Folic Acid	Cholic Acid	(ABCCs)
Folic Acid	Cholic Acid	(ABCCs)
Folic Acid	Cholic Acid	(ABCCs)
Folic Acid	Cholic Acid	(ABCCs)
Folic Acid	Irinotecan	(ABCCs)
Folic Acid	Irinotecan	(ABCCs)
Folic Acid	Irinotecan	(ABCCs)
Folic Acid	Irinotecan	(ABCCs)
Folic Acid	Irinotecan	(ABCCs)
Folic Acid	Irinotecan	(ABCCs)
Folic Acid	Irinotecan	(ABCCs)
Folic Acid	Ritonavir	(ABCCs)
Folic Acid	Ritonavir	(ABCCs)
Folic Acid	Ritonavir	(ABCCs)
Folic Acid	Ritonavir	(ABCCs)
Folic Acid	Ritonavir	(ABCCs)
Folic Acid	Ritonavir	(ABCCs)
Folic Acid	Ritonavir	(ABCCs)
Folic Acid	Idarubicin	(ABCCs)
Folic Acid	Idarubicin	(ABCCs)
Folic Acid	Idarubicin	(ABCCs)
Folic Acid	Idarubicin	(ABCCs)
Folic Acid	Idarubicin	(ABCCs)
Folic Acid	Idarubicin	(ABCCs)
Folic Acid	Idarubicin	(ABCCs)
Folic Acid	Lamivudine	(ABCCs)
Folic Acid	Lamivudine	(ABCCs)
Folic Acid	Lamivudine	(ABCCs)
Folic Acid	Lamivudine	(ABCCs)
Folic Acid	Lamivudine	(ABCCs)
Folic Acid	Lamivudine	(ABCCs)
Folic Acid	Glutathione	(ABCCs)
Folic Acid	Glutathione	(ABCCs)
Folic Acid	Glutathione	(ABCCs)
Folic Acid	Glutathione	(ABCCs)
Folic Acid	Glutathione	(ABCCs)
Folic Acid	Glutathione	(ABCCs)
Probenecid	Mifepristone	(ABCCs)
Probenecid	Etoposide	(ABCCs)
Probenecid	Cholic Acid	(ABCCs)
Probenecid	Irinotecan	(ABCCs)
Probenecid	Ritonavir	(ABCCs)
Probenecid	Idarubicin	(ABCCs)
Probenecid	Lamivudine	(ABCCs)
Probenecid	Glutathione	(ABCCs)
Isoniazid	Bifonazole	(Cytochrome P450	(CYP2F1 based))
Isoniazid	Bifonazole	(Cytochrome P450	(CYP2F1 based))
Isoniazid	Bifonazole	(Cytochrome P450	(CYP2F1 based))
Isoniazid	Bifonazole	(Cytochrome P450	(CYP2F1 based))
Isoniazid	Bifonazole	(Cytochrome P450	(CYP2F1 based))
Isoniazid	Bifonazole	(Cytochrome P450	(CYP2F1 based))
Isoniazid	Bifonazole	(Cytochrome P450	(CYP2C8 based))
Isoniazid	Bifonazole	(Cytochrome P450	(CYP2C8 based))
Isoniazid	Bifonazole	(Cytochrome P450	(CYP2C8 based))
Isoniazid	Bifonazole	(Cytochrome P450	(CYP2C8 based))
Isoniazid	Bifonazole	(Cytochrome P450	(CYP2C8 based))
Isoniazid	Bifonazole	(Cytochrome P450	(CYP2C8 based))
Isoniazid	Bifonazole	(Cytochrome P450	(CYP2E1 based))
Isoniazid	Bifonazole	(Cytochrome P450	(CYP2E1 based))
Isoniazid	Bifonazole	(Cytochrome P450	(CYP2E1 based))
Isoniazid	Bifonazole	(Cytochrome P450	(CYP2E1 based))
Isoniazid	Bifonazole	(Cytochrome P450	(CYP2E1 based))
Isoniazid	Bifonazole	(Cytochrome P450	(CYP2E1 based))
Isoniazid	Bifonazole	(Cytochrome P450	(CYP2C9 based))
Isoniazid	Bifonazole	(Cytochrome P450	(CYP2C9 based))
Isoniazid	Bifonazole	(Cytochrome P450	(CYP2C9 based))
Isoniazid	Bifonazole	(Cytochrome P450	(CYP2C9 based))
Isoniazid	Bifonazole	(Cytochrome P450	(CYP2C9 based))
Isoniazid	Bifonazole	(Cytochrome P450	(CYP2C9 based))
Isoniazid	Bifonazole	(Cytochrome P450	(CYP2B6 based))
Isoniazid	Bifonazole	(Cytochrome P450	(CYP2B6 based))
Isoniazid	Bifonazole	(Cytochrome P450	(CYP2B6 based))
Isoniazid	Bifonazole	(Cytochrome P450	(CYP2B6 based))
Isoniazid	Bifonazole	(Cytochrome P450	(CYP2B6 based))
Isoniazid	Bifonazole	(Cytochrome P450	(CYP2B6 based))
Isoniazid	Bifonazole	(Cytochrome P450	(CYP2E1 based))
Isoniazid	Bifonazole	(Cytochrome P450	(CYP2E1 based))
Isoniazid	Bifonazole	(Cytochrome P450	(CYP2E1 based))
Isoniazid	Bifonazole	(Cytochrome P450	(CYP2E1 based))
Isoniazid	Bifonazole	(Cytochrome P450	(CYP2E1 based))
Isoniazid	Bifonazole	(Cytochrome P450	(CYP2E1 based))
Isoniazid	Bifonazole	(Cytochrome P450	(CYP2B6 based))
Isoniazid	Bifonazole	(Cytochrome P450	(CYP2B6 based))
Isoniazid	Bifonazole	(Cytochrome P450	(CYP2B6 based))
Isoniazid	Bifonazole	(Cytochrome P450	(CYP2B6 based))
Isoniazid	Bifonazole	(Cytochrome P450	(CYP2B6 based))
Isoniazid	Bifonazole	(Cytochrome P450	(CYP2B6 based))
Isoniazid	Bifonazole	(Cytochrome P450	(CYP2C9 based))
Isoniazid	Bifonazole	(Cytochrome P450	(CYP2C9 based))
Isoniazid	Bifonazole	(Cytochrome P450	(CYP2C9 based))
Isoniazid	Bifonazole	(Cytochrome P450	(CYP2C9 based))
Isoniazid	Bifonazole	(Cytochrome P450	(CYP2C9 based))
Isoniazid	Bifonazole	(Cytochrome P450	(CYP2C9 based))
Isoniazid	Bifonazole	(Cytochrome P450	(CYP2C8 based))
Isoniazid	Bifonazole	(Cytochrome P450	(CYP2C8 based))
Isoniazid	Bifonazole	(Cytochrome P450	(CYP2C8 based))
Isoniazid	Bifonazole	(Cytochrome P450	(CYP2C8 based))
Isoniazid	Bifonazole	(Cytochrome P450	(CYP2C8 based))
Isoniazid	Bifonazole	(Cytochrome P450	(CYP2C8 based))
Isoniazid	Bifonazole	(Cytochrome P450	(CYP2F1 based))
Isoniazid	Bifonazole	(Cytochrome P450	(CYP2F1 based))
Isoniazid	Bifonazole	(Cytochrome P450	(CYP2F1 based))
Isoniazid	Bifonazole	(Cytochrome P450	(CYP2F1 based))
Isoniazid	Bifonazole	(Cytochrome P450	(CYP2F1 based))
Isoniazid	Bifonazole	(Cytochrome P450	(CYP2F1 based))
Dipyridamole	Grepafloxacin	(ABCCs)
Probenecid	Grepafloxacin	(ABCCs)
Rifampicin	Grepafloxacin	(ABCCs)
Rifampicin	Grepafloxacin	(ABCCs)
Rifampicin	Grepafloxacin	(ABCCs)
Ivacaftor	Grepafloxacin	(ABCCs)
Ivacaftor	Grepafloxacin	(ABCCs)
Lumacaftor	Grepafloxacin	(ABCCs)
Lumacaftor	Grepafloxacin	(ABCCs)
Lumacaftor	Grepafloxacin	(ABCCs)
Lumacaftor	Grepafloxacin	(ABCCs)
Probenecid	Grepafloxacin	(ABCCs)
Probenecid	Grepafloxacin	(ABCCs)
Estradiol	Grepafloxacin	(ABCCs)
Estradiol	Grepafloxacin	(ABCCs)
Estradiol	Grepafloxacin	(ABCCs)
Estradiol	Grepafloxacin	(ABCCs)
Estradiol	Grepafloxacin	(ABCCs)
Estradiol	Grepafloxacin	(ABCCs)
Estradiol	Grepafloxacin	(ABCCs)
Estradiol	Grepafloxacin	(ABCCs)
Folic Acid	Grepafloxacin	(ABCCs)
Folic Acid	Grepafloxacin	(ABCCs)
Folic Acid	Grepafloxacin	(ABCCs)
Folic Acid	Grepafloxacin	(ABCCs)
Folic Acid	Grepafloxacin	(ABCCs)
Folic Acid	Grepafloxacin	(ABCCs)
Repaglinide	Grepafloxacin	(ABCCs)
Repaglinide	Grepafloxacin	(ABCCs)
Glipizide	Grepafloxacin	(ABCCs)
Verapamil	Grepafloxacin	(ABCCs)
Verapamil	Grepafloxacin	(ABCCs)
Verapamil	Grepafloxacin	(ABCCs)
Verapamil	Grepafloxacin	(ABCCs)
Probenecid	Grepafloxacin	(ABCCs)
L-Valine	Grepafloxacin	(ABCCs)
Estradiol	Grepafloxacin	(ABCCs)
Estradiol	Grepafloxacin	(ABCCs)
Estradiol	Grepafloxacin	(ABCCs)
Estradiol	Grepafloxacin	(ABCCs)
Glyburide	Grepafloxacin	(ABCCs)
Glyburide	Grepafloxacin	(ABCCs)
Glyburide	Grepafloxacin	(ABCCs)
Telmisartan	Grepafloxacin	(ABCCs)
Telmisartan	Grepafloxacin	(ABCCs)
Telmisartan	Grepafloxacin	(ABCCs)
Phenobarbital	Grepafloxacin	(ABCCs)
Phenobarbital	Grepafloxacin	(ABCCs)
Phenobarbital	Grepafloxacin	(ABCCs)
Phenobarbital	Grepafloxacin	(ABCCs)
Ezetimibe	Grepafloxacin	(ABCCs)
Ezetimibe	Grepafloxacin	(ABCCs)
Ezetimibe	Grepafloxacin	(ABCCs)
Ezetimibe	Grepafloxacin	(ABCCs)
Ezetimibe	Grepafloxacin	(ABCCs)
Estradiol	Grepafloxacin	(ABCCs)
Estradiol	Grepafloxacin	(ABCCs)
Estradiol	Grepafloxacin	(ABCCs)
Estradiol	Grepafloxacin	(ABCCs)
Glyburide	Grepafloxacin	(ABCCs)
Glyburide	Grepafloxacin	(ABCCs)
Glyburide	Grepafloxacin	(ABCCs)
Probenecid	Grepafloxacin	(ABCCs)
Folic Acid	Grepafloxacin	(ABCCs)
Folic Acid	Grepafloxacin	(ABCCs)
Folic Acid	Grepafloxacin	(ABCCs)
Folic Acid	Grepafloxacin	(ABCCs)
Folic Acid	Grepafloxacin	(ABCCs)
Folic Acid	Grepafloxacin	(ABCCs)
Verapamil	Grepafloxacin	(ABCCs)
Verapamil	Grepafloxacin	(ABCCs)
Verapamil	Grepafloxacin	(ABCCs)
Verapamil	Grepafloxacin	(ABCCs)
Estradiol	Grepafloxacin	(ABCCs)
Estradiol	Grepafloxacin	(ABCCs)
Estradiol	Grepafloxacin	(ABCCs)
Estradiol	Grepafloxacin	(ABCCs)
Phenobarbital	Grepafloxacin	(ABCCs)
Phenobarbital	Grepafloxacin	(ABCCs)
Phenobarbital	Grepafloxacin	(ABCCs)
Phenobarbital	Grepafloxacin	(ABCCs)
Rifampicin	Grepafloxacin	(ABCCs)
Rifampicin	Grepafloxacin	(ABCCs)
Rifampicin	Grepafloxacin	(ABCCs)
Glyburide	Grepafloxacin	(ABCCs)
Glyburide	Grepafloxacin	(ABCCs)
Glyburide	Grepafloxacin	(ABCCs)
Omeprazole	Grepafloxacin	(ABCCs)
Omeprazole	Grepafloxacin	(ABCCs)
Ezetimibe	Grepafloxacin	(ABCCs)
Ezetimibe	Grepafloxacin	(ABCCs)
Ezetimibe	Grepafloxacin	(ABCCs)
Ezetimibe	Grepafloxacin	(ABCCs)
Ezetimibe	Grepafloxacin	(ABCCs)
Estradiol	Grepafloxacin	(ABCCs)
Estradiol	Grepafloxacin	(ABCCs)
Estradiol	Grepafloxacin	(ABCCs)
Estradiol	Grepafloxacin	(ABCCs)
Verapamil	Grepafloxacin	(ABCCs)
Verapamil	Grepafloxacin	(ABCCs)
Verapamil	Grepafloxacin	(ABCCs)
Verapamil	Grepafloxacin	(ABCCs)
Folic Acid	Grepafloxacin	(ABCCs)
Folic Acid	Grepafloxacin	(ABCCs)
Folic Acid	Grepafloxacin	(ABCCs)
Folic Acid	Grepafloxacin	(ABCCs)
Folic Acid	Grepafloxacin	(ABCCs)
Folic Acid	Grepafloxacin	(ABCCs)
Probenecid	Grepafloxacin	(ABCCs)
Dipyridamole	Ivermectin	(ABCCs)
Dipyridamole	Sulfinpyrazone	(ABCCs)
Dipyridamole	Indinavir	(ABCCs)
Dipyridamole	Vemurafenib	(ABCCs)
Dipyridamole	Indomethacin	(ABCCs)
Dipyridamole	Docetaxel	(ABCCs)
Dipyridamole	Conjugated Estrogens	(ABCCs)
Dipyridamole	Atazanavir	(ABCCs)
Dipyridamole	Diclofenac	(ABCCs)
Dipyridamole	Methotrexate	(ABCCs)
Dipyridamole	Cyclosporine	(ABCCs)
Dipyridamole	Fluorescein	(ABCCs)
Dipyridamole	Rifampicin	(ABCCs)
Dipyridamole	Glyburide	(ABCCs)
Dipyridamole	Ibuprofen	(ABCCs)
Dipyridamole	Doxorubicin	(ABCCs)
Dipyridamole	Atorvastatin	(ABCCs)
Dipyridamole	Vincristine	(ABCCs)
Dipyridamole	Erythromycin	(ABCCs)
Dipyridamole	Paclitaxel	(ABCCs)
Dipyridamole	Vinblastine	(ABCCs)
Dipyridamole	Abiraterone	(ABCCs)
Dipyridamole	Mitoxantrone	(ABCCs)
Dipyridamole	Saquinavir	(ABCCs)
Dipyridamole	Epirubicin	(ABCCs)
Dipyridamole	Saxagliptin	(ABCCs)
Dipyridamole	Phenobarbital	(ABCCs)
Dipyridamole	Progesterone	(ABCCs)
Probenecid	Ivermectin	(ABCCs)
Probenecid	Sulfinpyrazone	(ABCCs)
Probenecid	Indinavir	(ABCCs)
Probenecid	Vemurafenib	(ABCCs)
Probenecid	Indomethacin	(ABCCs)
Probenecid	Docetaxel	(ABCCs)
Probenecid	Conjugated Estrogens	(ABCCs)
Probenecid	Atazanavir	(ABCCs)
Probenecid	Diclofenac	(ABCCs)
Probenecid	Methotrexate	(ABCCs)
Probenecid	Cyclosporine	(ABCCs)
Probenecid	Fluorescein	(ABCCs)
Probenecid	Rifampicin	(ABCCs)
Probenecid	Glyburide	(ABCCs)
Probenecid	Ibuprofen	(ABCCs)
Probenecid	Doxorubicin	(ABCCs)
Probenecid	Atorvastatin	(ABCCs)
Probenecid	Vincristine	(ABCCs)
Probenecid	Erythromycin	(ABCCs)
Probenecid	Paclitaxel	(ABCCs)
Probenecid	Vinblastine	(ABCCs)
Probenecid	Abiraterone	(ABCCs)
Probenecid	Mitoxantrone	(ABCCs)
Probenecid	Saquinavir	(ABCCs)
Probenecid	Epirubicin	(ABCCs)
Probenecid	Saxagliptin	(ABCCs)
Probenecid	Phenobarbital	(ABCCs)
Probenecid	Progesterone	(ABCCs)
